image,asymmetry,border_irregularity,color_variegation,num_colors,pigment_network,dots_globules,streaks,blue_white_veil,regression_structures,vascular_patterns,ulceration_crusting
001.jpg,0.10944143795638188,0.16792519098515699,0.19480003416538239,0.3333333333333333,0.8548715710639954,0.10149585558344418,0.15954586196593964,0.0,0.0,0.0,0.33384886783789663
002.jpg,0.561200210112135,0.8620451131723498,0.14774638414382935,0.6666666666666666,0.29995644092559814,0.0,0.0,0.0,0.0,0.10903882307302079,1.0
003.jpg,0.766053125042947,1.0,0.2147843837738037,0.16666666666666666,0.8437601327896118,0.03145698257577713,0.09898139946855625,0.0,0.0,1.0,1.0
004.jpg,0.24768445744364864,0.71443576881818,0.09919136017560959,0.16666666666666666,1.0,0.24678215425707,0.1814776983316309,0.0,0.0,0.0005080809058356722,1.0
005.jpg,0.6785625155553678,1.0,0.06299985945224762,0.3333333333333333,0.27027395367622375,0.0,0.0,0.00014194464158978,0.0,0.0,0.0
006.jpg,0.3817290613406591,1.0,0.3843538165092468,0.5,0.6512879729270935,0.014222727919070418,0.014218009478672987,0.0,0.0,1.0,1.0
007.jpg,0.6627194620761709,0.375128347076309,0.14529694616794586,0.5,0.8788432478904724,0.09671408015360186,0.22304741695911207,0.0,0.0,1.0,1.0
008.jpg,0.9042088544469522,1.0,0.11193158477544785,0.5,0.3251137137413025,0.0,0.2603689092653801,0.0045040516357348235,0.0,0.0,0.08372710272857056
009.jpg,0.5875994773493447,0.16567936036183362,0.12032918632030487,0.3333333333333333,1.0,0.15048313004314579,0.3802898550724638,0.0,0.0,0.9286789165214636,0.6581656898463488
010.jpg,0.6644453398424063,0.9843988264162163,0.15223127603530884,0.6666666666666666,0.3883654773235321,0.005684240443209202,0.0,0.0,0.0,0.0,0.9542702856330822
011.jpg,0.3135515820601662,0.8731673805062731,0.21256789565086365,0.6666666666666666,1.0,0.19491594249583943,0.3302929795467109,0.0,0.0,1.0,1.0
012.jpg,0.9629175854804446,1.0,0.07176978886127472,0.3333333333333333,0.4423524737358093,0.019458092133119713,0.016981132075471698,0.0,0.4269105414214136,0.0,0.005399620567203386
013.jpg,0.6537231916442172,0.1378503450022055,0.1805320829153061,0.16666666666666666,0.8656600117683411,0.09328979808800628,0.020041109969167522,0.0,0.25348170853601654,0.025388152195642034,1.0
014.jpg,0.8652017578213982,0.14409349604378394,0.09702189266681671,0.5,0.3809593915939331,0.031979533096260025,0.0,0.0,0.0,1.0,1.0
015.jpg,0.6439532752354611,1.0,0.07942092418670654,0.5,0.6294813752174377,0.0,0.05279366476022877,0.0,0.0009614806802475813,0.0,1.0
016.jpg,0.7988033786017359,0.1885280180586629,0.062232233583927155,0.16666666666666666,0.9071020483970642,0.2349348055638512,0.27245998039856256,0.0,0.0,1.0,1.0
017.jpg,0.924009416299826,1.0,0.06772361695766449,0.5,0.4382747709751129,0.0,0.0,0.0,0.0,0.0,0.0
018.jpg,0.26845405289915397,0.3715488978057257,0.07946702837944031,0.5,0.7482283115386963,0.06924193397955711,0.02181316152784169,0.0,0.0,1.0,1.0
019.jpg,0.4274296870103279,0.12800113507773933,0.14516273140907288,0.3333333333333333,0.697252631187439,0.07321314175671231,0.4525796015664907,0.0,0.0,1.0,1.0
020.jpg,0.7083663444217743,1.0,0.10371442139148712,0.3333333333333333,0.7559798955917358,0.008517162081231702,0.1638121078514499,0.0,0.00034068648326377653,0.005749084405076229,1.0
021.jpg,0.9999999999522878,0.32283165087490673,0.09406881034374237,0.5,1.0,0.09731007158902794,0.014497422680412372,0.0016681726558698826,0.00027802877597831377,0.0,0.018245638423576842
022.jpg,0.7121939509751805,1.0,0.050792284309864044,0.3333333333333333,0.2774931788444519,0.0,0.0,0.05913295846181752,0.0,0.0,0.0
023.jpg,0.9999999998905788,1.0,0.062153398990631104,0.5,0.533890962600708,0.0,0.0,0.0,0.0,0.0,1.0
024.jpg,0.4194789722784211,1.0,0.183179572224617,0.3333333333333333,0.5227832198143005,0.006126324817694923,0.005378373277976977,6.126324817741837e-05,0.0,0.017666789193163022,0.0137612571218526
025.jpg,0.561009888040907,0.19106722025156517,0.22483746707439423,0.3333333333333333,0.5875341296195984,0.13052208834686133,0.03463758819756254,0.0,0.0,1.0,1.0
026.jpg,0.5502183405979308,1.0,0.10859109461307526,0.5,0.45895084738731384,0.014177693761479735,0.5525749533782814,0.09754253308128544,0.0006616257088846881,0.0,0.00723062381852552
027.jpg,0.3167488627150552,0.1681524576721983,0.11490907520055771,0.3333333333333333,0.9063843488693237,0.023385845185456285,0.11030267753201398,0.0,4.25197185194634e-05,0.0,0.0008929140889087314
028.jpg,0.5990357177703909,1.0,0.16789069771766663,0.5,0.36721545457839966,0.0,0.0,0.0,0.0,0.0,0.5050881182490051
029.jpg,0.8938945669314194,0.39513327151359395,0.10560745000839233,0.16666666666666666,0.5998009443283081,0.008965795489802942,0.006427423674343867,0.0,0.0005379477294122921,0.0,1.0
030.jpg,0.6259650548466658,1.0,0.07016685605049133,0.5,0.5709606409072876,0.04619871221023015,0.012423217613361862,0.0,0.0,1.0,1.0
031.jpg,0.9193045924108829,1.0,0.11316853761672974,0.3333333333333333,0.9151892066001892,0.0,0.009287925696594427,0.0,0.0,0.0,1.0
032.jpg,0.5235699392561467,1.0,0.3801691234111786,0.5,1.0,0.28028970088505784,0.6862757100881489,0.0,0.0001227546135275584,1.0,1.0
033.jpg,0.6095273946714772,1.0,0.2411102056503296,0.3333333333333333,1.0,0.13397642014825864,0.1923725953425582,0.0,0.0,1.0,1.0
034.jpg,0.2707738575166085,0.6503913928005889,0.16803237795829773,0.6666666666666666,0.6487374305725098,0.06517205422244121,0.13364375564667455,0.0,0.0,1.0,1.0
035.jpg,0.5254023656995216,1.0,0.08258505910634995,0.5,0.7583237290382385,0.0,0.45783132530120485,0.20019491338929235,0.0,0.0,0.0
036.jpg,0.28355009930892744,0.9144180747774332,0.4499534070491791,0.6666666666666666,1.0,0.08755781060473758,0.4823423920540764,0.0,0.0,1.0,1.0
037.jpg,0.3432863323157884,1.0,0.3421042561531067,0.8333333333333334,0.43703392148017883,0.0012480421338946525,0.019451949054419142,2.4960842678048812e-05,0.0,1.0,1.0
038.jpg,0.9630970616682195,0.8737901309383341,0.1617499142885208,0.6666666666666666,1.0,0.11903258967808841,0.251132281742933,0.0,0.0,1.0,1.0
039.jpg,0.5166052579103191,1.0,0.09597031772136688,0.5,1.0,0.13803290995001719,0.3074772036474164,0.0,0.0,1.0,1.0
040.jpg,0.0038047828422516777,0.03872891489880866,0.18386992812156677,0.3333333333333333,0.2736215591430664,0.03947325138935458,0.0019247219846022243,0.0,0.0,0.18920845166171424,1.0
041.jpg,0.4888260649852323,1.0,0.19188192486763,0.6666666666666666,1.0,0.09033275301308731,0.20296453149814717,0.0,0.0,1.0,1.0
042.jpg,0.8658665812152624,1.0,0.15822406113147736,0.5,1.0,0.22540813789300723,0.35269585939827225,0.0,0.0,1.0,1.0
043.jpg,0.9999999998966514,0.2644975612158746,0.17022651433944702,0.5,0.8861414194107056,0.0,0.011170212765957447,0.0,0.0,0.14675705386588495,1.0
044.jpg,0.7115366294454095,0.13562417981627525,0.09984435141086578,0.3333333333333333,0.4895212650299072,0.03814609955768204,0.011042944785276074,0.0,0.0,0.0,1.0
045.jpg,0.49140920465854077,1.0,0.21051037311553955,0.3333333333333333,0.7712293267250061,0.02102225492330678,0.07672123443252135,0.0,0.0,1.0,1.0
046.jpg,0.6339880542094152,1.0,0.15081632137298584,0.3333333333333333,0.26684045791625977,0.0028395981968349867,0.34782186863296793,0.00014197990984275724,2.839598196855145e-05,0.01324672558832925,0.07771270365243318
047.jpg,0.4350497726381339,0.5358524364465521,0.2539386451244354,0.3333333333333333,0.9951378703117371,0.08351253731879334,0.054936025355088625,0.0,0.0,1.0,1.0
048.jpg,0.9999999998883804,0.5832117362169581,0.1885729283094406,0.6666666666666666,0.5526133179664612,0.0,0.00870646766169154,0.0,0.0,1.0,1.0
049.jpg,0.4617529988231634,0.2399355108726311,0.08774910867214203,0.16666666666666666,0.5441888570785522,0.021662018357974006,0.0,0.0,0.0,0.0,1.0
050.jpg,0.2946270523484029,1.0,0.2339513748884201,0.5,0.9973852038383484,0.0612845236143438,0.13369068264228284,0.0,0.0,1.0,1.0
051.jpg,0.18786378298373035,0.09107984824505426,0.3720661699771881,0.8333333333333334,0.7448434233665466,0.012718061767251862,0.1824876647764931,0.07520613858447972,4.239353922462217e-05,1.0,0.9926129257901095
052.jpg,0.6359493411511581,1.0,0.20289906859397888,0.5,0.8374278545379639,0.020326678765585096,0.2617551341039165,0.0,0.0050526315789473685,0.42925589836660616,1.0
053.jpg,0.20816908944603285,0.8336652674853894,0.08742780983448029,0.16666666666666666,0.8997287750244141,0.15700827861552585,0.24001070281840883,0.0,0.0,0.9085426777048244,1.0
054.jpg,0.7581230136190644,0.9519163661182878,0.16599535942077637,0.3333333333333333,0.4699861407279968,0.03740974897918485,0.018903816430864345,0.0,0.0,0.5852755228012421,1.0
055.jpg,0.409971007180008,1.0,0.3234749436378479,0.3333333333333333,0.5591256618499756,0.00582382916762122,0.005236973029588898,0.0,0.0,1.0,0.13234651783547682
056.jpg,0.7530182498125393,0.09696669848948614,0.14392666518688202,0.6666666666666666,0.7317292094230652,0.11234903097908913,0.41974911547121263,0.0,0.0,1.0,1.0
057.jpg,0.6483541146970485,1.0,0.1593601554632187,0.16666666666666666,1.0,0.1719567242202967,0.1141643059490085,0.0,0.0,1.0,1.0
058.jpg,0.9999999999535165,0.5538882841698798,0.09565669298171997,0.3333333333333333,0.5080720782279968,0.0,0.013103615627274932,0.0,0.04188189306156638,0.0,0.22082228116710875
059.jpg,0.33445159755792797,0.3098791194614415,0.17420805990695953,0.6666666666666666,1.0,0.20284395504175654,0.7725714285714287,0.320714231504288,0.05185629816681501,4.139672551901145e-05,0.11878790387680335
060.jpg,0.66697257546611,1.0,0.253764271736145,0.5,0.5328271985054016,0.007105111239334739,0.16734246575342465,0.007140636795594831,0.0,0.11707447044717795,0.18568320085261333
061.jpg,0.4404131894748416,1.0,0.09022267162799835,0.3333333333333333,0.3600996434688568,0.0,0.0,0.0,0.0,1.0,1.0
062.jpg,0.38158895934068193,1.0,0.24223490059375763,0.5,0.6865425109863281,0.0169275320261837,0.26520843431895297,0.004594615835706211,0.0003385506405257208,0.0739612238605655,0.3298510981736402
063.jpg,0.3094728265946346,1.0,0.10917551815509796,0.16666666666666666,0.43520787358283997,0.015543236101622171,0.012584320616745083,0.0,0.0002417836726939882,2.590539350292731e-05,0.24307030723796696
064.jpg,0.3603525187291532,0.15581302257841015,0.1681940257549286,0.3333333333333333,0.5527645349502563,0.0,0.0,0.0,0.0,0.0,0.7335730630925139
065.jpg,0.6812286226983435,0.7879089996717586,0.14362958073616028,0.6666666666666666,0.3400088846683502,0.0,0.0,0.0,0.0,0.0,0.9343428730202834
066.jpg,0.3121822249281309,1.0,0.17851531505584717,0.16666666666666666,0.4458829462528229,0.003684666261285494,0.07932011331444759,0.0,0.23884006706092595,0.2951417675344056,0.6960703034322666
067.jpg,0.5981785360343367,0.6315157779174836,0.1349194347858429,0.3333333333333333,1.0,0.08132044065410451,0.07675087943716022,0.0,0.0014739329868743726,0.0,1.0
068.jpg,0.5659205725313667,1.0,0.08982222527265549,0.5,0.4460247755050659,0.013171759746668477,0.45818550430816013,0.007376185458377239,0.0,0.0,0.000493940990516333
069.jpg,0.6815812889188089,1.0,0.1594856083393097,0.6666666666666666,1.0,0.1318696572530409,0.30293542074363994,0.0,0.0,1.0,1.0
070.jpg,0.9999999999256395,0.583994933629601,0.14884184300899506,0.5,0.4783038794994354,0.0,0.053479602331162154,0.0,0.0,0.0019327632657842333,0.272343914724142
071.jpg,0.4847281146010186,0.5147457234406069,0.20394651591777802,0.3333333333333333,0.5957399010658264,0.056813215627383826,0.1275474349964863,0.0,0.0,1.0,1.0
072.jpg,0.5623117469350234,1.0,0.18705591559410095,0.5,0.4674375653266907,0.0,0.0,0.0,0.0,0.00030217566478646255,0.008007655116841256
073.jpg,0.4460604725004723,0.8060860131826767,0.1664494127035141,0.3333333333333333,0.8097732663154602,0.03507233669412475,0.07225390156062425,0.0,0.0,0.0031039017974572557,1.0
074.jpg,0.18946701081994496,1.0,0.19154171645641327,0.5,0.4241015315055847,0.0,0.06839697065320291,0.018013276018364183,0.0,0.018203351171155367,0.14391613299412231
075.jpg,0.9899697806860432,1.0,0.10725675523281097,0.5,0.8480000495910645,0.024489795917367763,0.008832807570977918,0.0,0.0,0.9940408163265306,1.0
076.jpg,0.26050621930804946,1.0,0.07962783426046371,0.5,1.0,0.12880641910480442,0.4813676801600628,0.0,0.0,1.0,1.0
077.jpg,0.0038047828422516777,0.03872891489880866,0.10185430943965912,0.16666666666666666,0.30043089389801025,0.004385916821039398,0.016680923866552608,0.0,0.0,0.18341904145787877,1.0
078.jpg,0.7839484054957664,1.0,0.08049014955759048,0.3333333333333333,0.662875771522522,0.0,0.007845934379457917,0.015537873566819122,1.0,0.0,0.0
079.jpg,0.5846817402329436,1.0,0.12917430698871613,0.6666666666666666,0.2567276060581207,0.0,0.0,0.0,0.0,0.0,0.5723664276335724
080.jpg,0.5122989283341925,0.5195958406642521,0.23826539516448975,0.3333333333333333,0.2209586650133133,0.0,0.0056657223796034,0.0,0.0,0.06586305185056246,0.0774168280423856
081.jpg,0.7861816924516339,0.6837684852705462,0.10524138063192368,0.3333333333333333,0.9106156826019287,0.08400039529390255,0.09857285097909062,0.0,0.0,1.0,1.0
082.jpg,0.5534631934227796,0.13142203748381043,0.10637418925762177,0.3333333333333333,0.8727090954780579,0.06479981485467254,0.0429035752979415,0.0,0.0,1.0,1.0
083.jpg,0.0038047828422516777,0.03872891489880866,0.10367633402347565,0.3333333333333333,0.23008081316947937,0.015350708873637892,0.015718562874251496,0.0,0.0,0.30256247190272034,1.0
084.jpg,0.4579046750804482,0.5433210006626604,0.2978978753089905,0.3333333333333333,0.45579996705055237,0.002264646601872131,0.0,0.00031705052426568835,0.0,0.5588355187173042,0.016679122222977103
085.jpg,0.6303113913947515,0.2178881378603222,0.24765893816947937,0.3333333333333333,0.5869993567466736,0.0626725944483309,0.05726681127982647,0.0,0.0,1.0,1.0
086.jpg,0.7092744352679118,0.11034279589475633,0.2004511058330536,0.3333333333333333,1.0,0.07996001998201299,0.12931034482758622,0.0,0.0,0.0,0.007796101949025487
087.jpg,0.2344279363381115,0.28508052916468757,0.24447596073150635,0.5,0.42326903343200684,0.09601666091854125,0.3030571555161719,0.00035161030759140176,0.0,0.026654766010102034,0.570947522161592
088.jpg,0.4913427809599735,0.7922887311385997,0.09189391881227493,0.6666666666666666,0.35993775725364685,0.0,0.0,0.0,0.0,0.0,0.0
089.jpg,0.594103058639285,1.0,0.07796893268823624,0.3333333333333333,0.6978778839111328,0.009986518199930768,0.017900552486187844,0.0,0.008588405652369301,0.0,0.02082189044789534
090.jpg,0.0038047828422516777,0.03872891489880866,0.17862281203269958,0.16666666666666666,0.38227298855781555,0.03289437615779548,0.03528656971770744,0.0,0.0,0.1220052411706012,1.0
091.jpg,0.9950328555391404,1.0,0.04590480029582977,0.5,0.48865315318107605,0.0,0.09158134243458475,0.0,0.0,0.0,0.0
092.jpg,0.7766281818360234,1.0,0.25392946600914,0.5,0.5118762850761414,0.0023189481251035533,0.0,0.07276859216659323,0.0,0.1141618162001716,0.016800779166570044
093.jpg,0.48431627085732926,1.0,0.31216126680374146,0.5,0.938191294670105,0.009005068567107024,0.11821015138023151,1.0,0.00020583013867805594,0.24323333419095894,0.012928705585715388
094.jpg,0.6283201368493339,1.0,0.12521320581436157,0.3333333333333333,1.0,0.035354428141430395,0.026583785213596084,0.0,0.0,1.0,1.0
095.jpg,0.0038047828422516777,0.03872891489880866,0.08946327865123749,0.3333333333333333,0.1963469684123993,0.026315500926236385,0.001283147989734816,0.0,0.0,0.05832172892841087,1.0
096.jpg,0.4470467830414484,0.2963924276526064,0.13356280326843262,0.3333333333333333,1.0,0.09450493197427684,0.1408398364920104,0.0,0.0,0.03502589041365596,1.0
097.jpg,0.19345205478922048,0.26101361813659585,0.13921311497688293,0.5,0.9000756740570068,0.03837088198107847,0.047862733293196874,0.0,0.0,0.062325275448117085,1.0
098.jpg,0.9999999998114986,0.7787742757400369,0.2118370234966278,0.3333333333333333,0.4132484793663025,0.0,0.024132730015082954,0.0,0.0,0.0,0.4934975096845601
099.jpg,0.32938240797768953,0.5385309167342179,0.11978478729724884,0.16666666666666666,0.8646810054779053,0.035654596099484015,0.0029943440168570482,0.0,0.0,0.0008690807799442898,1.0
100.jpg,0.44887774865104524,1.0,0.135739266872406,0.3333333333333333,0.5369125604629517,0.05471831467466044,0.05811938888013861,0.0,0.0,1.0,1.0
101.jpg,0.9058500089730552,0.8286261129104916,0.12126382440328598,0.3333333333333333,0.7808423042297363,0.016213367921194384,0.005097087378640777,0.0,0.0,1.0,1.0
102.jpg,0.6512561929978231,0.7795590424376586,0.09227736294269562,0.16666666666666666,0.8574700355529785,0.011451255820836491,0.03515195898938118,0.0,0.0,1.0,1.0
103.jpg,0.5508362518712848,0.5568927060446073,0.09548363834619522,0.5,0.7929664850234985,0.05672701340332318,0.14983284368351737,0.0,0.0,0.9608421530332745,1.0
104.jpg,0.06017512395695379,0.22020965470496479,0.13044559955596924,0.3333333333333333,0.8850371837615967,0.10131712259157977,0.0598586670361646,0.0,0.12782843633907465,0.0,1.0
105.jpg,0.5007635873558802,0.6534925380176517,0.18084712326526642,0.6666666666666666,0.40694960951805115,0.008650238422102979,0.08635257052842618,0.0006055166895537558,0.0,0.0,1.0
106.jpg,0.5394256389480484,1.0,0.1085185781121254,0.16666666666666666,0.9697856903076172,0.010454783062704925,0.008849557522123894,0.0,0.000836382645060115,0.21312075274438055,1.0
107.jpg,0.46006682045063907,0.18990486249155972,0.13327252864837646,0.5,0.8934277296066284,0.07161043920926936,0.008538899430740038,0.0,0.0,1.0,1.0
108.jpg,0.5354711179246112,0.9214494465106249,0.08875911682844162,0.5,0.620810866355896,0.009034443816848458,0.007619738751814223,0.0,0.0,1.0,1.0
109.jpg,0.33659756778156424,0.42117705525260246,0.18056735396385193,0.6666666666666666,0.8294568657875061,0.03556187766656598,0.021221410044800753,0.0,0.001034527350316824,1.0,1.0
110.jpg,0.0038047828422516777,0.03872891489880866,0.257478803396225,0.16666666666666666,0.2966160476207733,0.021929584105196985,0.007698887938408897,0.0,0.0,3.2894376158156165e-05,1.0
111.jpg,0.46027944110245245,1.0,0.24448826909065247,0.5,0.6003299355506897,0.007781495603303605,0.01829268292682927,0.00015562991206909967,0.0,0.009162711073068245,0.3034199673177185
112.jpg,0.6170836085642909,0.6269495954697986,0.13035228848457336,0.5,0.37440064549446106,0.0,0.0,0.0,0.0,5.515516987792322e-05,0.2871378143844683
113.jpg,0.9999999999186727,0.5163137445450455,0.1178775206208229,0.5,1.0,0.06456125248482482,0.0160427807486631,0.0,0.0,1.0,1.0
114.jpg,0.5388552386814652,1.0,0.33446356654167175,0.6666666666666666,0.7363384962081909,0.04877453968968694,0.2691358024691358,0.0007803926350445068,0.0007316180953542251,0.3326667479575662,0.509279356176076
115.jpg,0.7967593353842425,0.998033700695728,0.11814640462398529,0.16666666666666666,1.0,0.0699091181446642,0.008027995059695347,0.0,0.0,0.9559073204833717,1.0
116.jpg,0.13372279795669423,0.3257531896171812,0.1304095834493637,0.3333333333333333,0.7099538445472717,0.028486308767510342,0.3726009870224822,0.0,0.0,1.0,0.9334963383223938
117.jpg,0.9627049350897874,0.46882997139616567,0.15704265236854553,0.6666666666666666,0.8484621644020081,0.014587360051982518,0.006331022007838409,0.0,0.0,1.0,1.0
118.jpg,0.7380391736734433,1.0,0.10021819919347763,0.6666666666666666,0.4226773977279663,0.0,0.0,0.0,0.0,0.0,0.06067969134789033
119.jpg,0.9999999999047346,0.7691590273954924,0.07594051212072372,0.3333333333333333,0.38865289092063904,0.0,0.42000000000000004,0.009195402298850575,0.0,0.0,0.0
120.jpg,0.8333136861631767,0.7741037281531252,0.42697376012802124,0.3333333333333333,0.3573852479457855,0.004942787237601197,0.009538950715421305,0.0,0.0,1.0,0.7771544373872427
121.jpg,0.48076696511307826,0.4701928028416516,0.12053686380386353,0.16666666666666666,0.8562802076339722,0.15909023951450696,0.05736434108527132,0.0,0.0,0.0,1.0
122.jpg,0.9999999998001599,0.5726162982070747,0.08164092153310776,0.5,0.41860270500183105,0.0,0.0,0.0,0.0,0.0,0.0
123.jpg,0.4834717945691873,1.0,0.16738766431808472,0.5,0.7909922003746033,0.040645737057066214,0.031943410275502605,0.0,0.0,1.0,1.0
124.jpg,0.6360196745821027,0.3376847907296237,0.2569124102592468,0.6666666666666666,1.0,0.141937925807062,0.9017117614577581,0.13152914458743376,0.00018925056775170325,0.0,0.2509462528387585
125.jpg,0.2786666006172008,0.49218726603993446,0.13772937655448914,0.5,0.933285117149353,0.33192965072251845,0.341044776119403,0.0,0.0,1.0,1.0
126.jpg,0.2091479413658866,1.0,0.037713125348091125,0.3333333333333333,0.16555848717689514,0.0,0.013370473537604458,0.0,0.0,0.0,0.0
127.jpg,0.9094332143912234,1.0,0.08564256131649017,0.6666666666666666,0.3494705557823181,0.0,0.0,0.21822462191970113,0.0,0.0,0.0
128.jpg,0.4244743365249487,0.09107984824505426,0.26719266176223755,0.5,0.5666779279708862,0.004206305251542618,0.19640157242213485,0.3333076281345737,0.0005327986651991335,0.04952924433726155,0.10875402227939682
129.jpg,0.9979803542643917,0.17459461252867925,0.12210160493850708,0.5,0.7073301672935486,0.11017260373575352,0.3206505954109788,0.0,0.0,1.0,1.0
130.jpg,0.1984736405845951,0.2181971584580067,0.335997998714447,0.3333333333333333,1.0,0.01285553591507083,0.3069323509711989,0.0,0.0001028442873212277,0.7158155230596176,0.11089828057207135
131.jpg,0.2771894655780916,0.6339903113222672,0.24138371646404266,0.5,1.0,0.18968599462199479,0.6404419889502763,0.0,0.0005185660284665457,1.0,1.0
132.jpg,0.16476968397397096,0.27417680425911756,0.0797090232372284,0.16666666666666666,0.5985397696495056,0.1607609350820041,0.07503539405379896,0.0,0.0,0.03637216156473977,1.0
133.jpg,0.9999999999326009,0.09109783542531513,0.16814611852169037,0.5,0.5548709034919739,0.08090069439217282,0.12882447665056362,0.0,0.0,1.0,1.0
134.jpg,0.5640374436652091,0.45975939027019147,0.20867693424224854,0.5,1.0,0.12154024639388387,0.3047417698580489,0.0,0.00030937517264239547,1.0,1.0
135.jpg,0.0038047828422516777,0.03872891489880866,0.1798049956560135,0.3333333333333333,0.25819629430770874,0.030701417747275785,0.0009623609923011122,0.0,0.0,0.002499972588019868,1.0
136.jpg,0.6769947290437852,1.0,0.3853965103626251,0.5,0.6648008823394775,0.014596764383539792,0.4668665667166416,0.10227466244982363,0.00019462352511859872,0.6180999878360297,0.33185743826785064
137.jpg,0.41391590601783884,0.4196037991187926,0.05329669266939163,0.3333333333333333,1.0,0.3950912900210987,0.6276366767111494,0.0,0.0,0.16890152648907514,1.0
138.jpg,0.7022274325516537,0.28259192508639625,0.12281346321105957,0.3333333333333333,0.6286525130271912,0.07818171664275525,0.03831417624521073,0.0,0.0,1.0,1.0
139.jpg,0.6349962630495611,0.1451838374475316,0.08902014791965485,0.16666666666666666,0.5167853832244873,0.009344921034980611,0.0,0.0,0.0,0.0,1.0
140.jpg,0.5215961411807687,1.0,0.10034020245075226,0.5,0.39505425095558167,0.0,0.09870439822707125,0.005453982026650139,0.0,0.0,0.0025100712736287572
141.jpg,0.07199859567533119,0.09107984824505426,0.036502905189991,0.3333333333333333,0.2135816514492035,0.0,0.0004377644827083029,0.0,0.0,0.0,0.0
142.jpg,0.9999999999166389,0.6251858697004304,0.042548079043626785,0.5,0.5441451072692871,0.0,0.07070340826686004,0.0,0.0,0.0,0.0
143.jpg,0.6085288954944725,1.0,0.2207508087158203,0.6666666666666666,0.7317578792572021,0.0,0.19945945945945948,0.014388489208633094,0.0,0.0,0.5105733594942228
144.jpg,0.5562298643473268,0.13988290093652886,0.12083673477172852,0.3333333333333333,0.5150580406188965,0.029969281484230968,0.01812688821752266,0.0,0.0,1.0,1.0
145.jpg,0.30971061689119206,0.38885512785356724,0.10087162256240845,0.16666666666666666,0.761237621307373,0.059702177980692064,0.014514987019117302,0.0,4.592475229336732e-05,1.0,1.0
146.jpg,0.12081291535107058,0.27177914533510533,0.12700298428535461,0.3333333333333333,1.0,0.15877923835973712,0.23160434258142337,0.0,0.0,0.004838588369002949,1.0
147.jpg,0.2483599006134899,0.49027589589582865,0.10216028988361359,0.5,0.6365277767181396,0.05863383172008442,0.010272071071626874,0.0,0.0,1.0,1.0
148.jpg,0.8620758883412136,0.41047696215902213,0.16309446096420288,0.3333333333333333,1.0,0.23295979434337627,0.6288643533123028,0.0,0.02393862714383259,0.028919146885166887,1.0
149.jpg,0.0038047828422516777,0.03872891489880866,0.16960616409778595,0.16666666666666666,0.38615018129348755,0.04385916821039397,0.09880239520958084,0.0,0.0,0.13598535103781756,1.0
150.jpg,0.7613599963043354,0.8074143196709035,0.1900809407234192,0.3333333333333333,0.5138203501701355,0.011035091590955774,0.0,0.0,0.0,0.992661664091812,1.0
151.jpg,0.7818442769855939,1.0,0.14811478555202484,0.6666666666666666,0.406121164560318,0.0,0.0,0.0,0.0,0.0,0.23668583656546743
152.jpg,0.20467590857692508,0.31977722716296375,0.10544021427631378,0.3333333333333333,0.8713104724884033,0.05383097075103429,0.023585393607117,0.0,0.0,0.00017943656917279743,1.0
153.jpg,0.9999999997705895,0.351948896800568,0.034709103405475616,0.5,0.3565571904182434,0.0,0.0,0.0,0.26047565118912797,0.0,0.0
154.jpg,0.9999999997619047,0.8033674789119994,0.16484566032886505,0.3333333333333333,1.0,0.12905307305548425,0.021494370522006142,0.0,0.0,1.0,1.0
155.jpg,0.25724979206740717,0.9264576334416903,0.09221271425485611,0.3333333333333333,1.0,0.3661073360093454,0.8142532221379833,0.0,0.0002218832339481348,0.0,1.0
156.jpg,0.9833754691654504,1.0,0.034247688949108124,0.3333333333333333,0.5637419819831848,0.009308386856124527,0.03748296228986824,0.0018616773713115518,0.0,0.0,0.0
157.jpg,0.9532117651102853,0.2182422727542431,0.36805620789527893,0.3333333333333333,0.3094830811023712,0.0,0.0071428571428571435,0.0,0.0,1.0,0.5119770189500996
158.jpg,0.9999999999556933,0.9509898654703591,0.15861472487449646,0.3333333333333333,0.4623434543609619,0.0,0.0,0.0,0.0,0.0,0.9039797312685038
159.jpg,0.5482549286689749,0.16718773947091617,0.37232711911201477,0.6666666666666666,0.3616410493850708,0.009392317084536562,0.010468159348647864,0.0,0.0,1.0,1.0
160.jpg,0.878776747095346,1.0,0.12600992619991302,0.16666666666666666,1.0,0.0,0.008903964384142465,0.0,0.0,1.0,1.0
161.jpg,0.6427751253615293,1.0,0.08909391611814499,0.16666666666666666,0.8908065557479858,0.0,0.009136393299978247,0.0,0.0015012965743141805,0.0005118056503343796,1.0
162.jpg,0.8989923109556812,0.17382372967069615,0.19114360213279724,0.3333333333333333,1.0,0.31535190404150454,0.5290008467400508,0.0,0.0,1.0,1.0
163.jpg,0.11713474112876394,0.11315440215264878,0.1786295622587204,0.3333333333333333,0.691562831401825,0.014280359150905194,0.06504065040650406,0.0033201835026150906,7.140179575516324e-05,1.0,0.804635761589404
164.jpg,0.49416799781505866,0.20311713169998322,0.08701597154140472,0.3333333333333333,0.7480518221855164,0.09647271630701018,0.08977310095363367,0.0,0.0,1.0,1.0
165.jpg,0.3598738382924863,0.18674216101117716,0.07289422303438187,0.5,0.8378947973251343,0.1830575426889453,0.012256014525646846,0.0,0.0,1.0,1.0
166.jpg,0.5405268094208017,1.0,0.13240009546279907,0.6666666666666666,0.3298778235912323,0.0,0.02220216606498195,0.0,0.0,0.0,0.2910801167693805
167.jpg,0.9999999999645992,0.1421548600231036,0.09402264654636383,0.5,0.7362254858016968,0.16287798313990234,0.04945360251898499,0.0,0.0,1.0,1.0
168.jpg,0.9799378719932774,1.0,0.07005257904529572,0.3333333333333333,0.38628265261650085,0.0,0.0,0.0,0.0026791694574681848,0.0,0.0
169.jpg,0.8174671801888636,1.0,0.11861951649188995,0.5,0.4289982318878174,0.009069883451586328,0.0019128586609989374,0.0,1.0,0.0,0.02584916783819328
170.jpg,0.7003476748478544,1.0,0.05716447904706001,0.3333333333333333,0.6476636528968811,0.09420631181734536,0.026216343882853096,0.0,1.0,0.0,0.0003532736693358455
171.jpg,0.8283905967263022,1.0,0.10221405327320099,0.3333333333333333,0.8126201629638672,0.047165361757583166,0.13064133016627077,0.0,0.0004402100430776971,0.0,1.0
172.jpg,0.7161601314098793,0.9080222025042883,0.16086754202842712,0.3333333333333333,1.0,0.1581353776314391,0.3690498413291021,0.0,0.0,0.0,1.0
173.jpg,0.125092740391531,0.3140098365667219,0.2525041699409485,0.3333333333333333,0.859845757484436,0.06746272684190194,0.16551449082690772,0.0,0.0,1.0,1.0
174.jpg,0.5490920824738451,0.47271490766325003,0.13153764605522156,0.16666666666666666,1.0,0.13498048651266234,0.20963132323521005,0.0,0.0041081017635494,0.0,1.0
175.jpg,0.45535169251862584,0.5465882737408062,0.2184133529663086,0.5,0.47956788539886475,0.0092334398255874,0.01525144270403957,0.0,1.0,0.022741962290631752,0.7830880316152979
176.jpg,0.543957773196918,0.5494959598012903,0.13629262149333954,0.5,0.899610698223114,0.002789964497682307,0.2519347416858398,0.1773580431189013,0.017548876690544113,0.0,0.02757879905978196
177.jpg,0.3254479075091241,0.3036625693696553,0.14760562777519226,0.5,1.0,0.1930959103731785,0.3716949802018138,0.0,0.0,1.0,1.0
178.jpg,0.7856513188590458,0.23798699371889187,0.1398470401763916,0.3333333333333333,0.6577216982841492,0.01356944161655679,0.02204836415362731,0.001356944161747744,0.0,0.0,1.0
179.jpg,0.6782977071862919,0.7830633721308247,0.1348849982023239,0.5,1.0,0.04251618513783909,0.03383674249665456,0.0,0.0011595323219634748,1.0,1.0
180.jpg,0.5898843363949898,0.8275264740520895,0.1445642113685608,0.16666666666666666,0.505774974822998,0.05883795047709671,0.038651877133105805,0.0,0.0,1.0,1.0
181.jpg,0.26257823095474325,0.09107984824505426,0.15434953570365906,0.3333333333333333,0.4571182131767273,0.0,0.03445800430725054,0.00011336583153837434,0.0,0.00609341344518762,0.004251218682689037
182.jpg,0.7024351613263736,0.5409106908722533,0.08658887445926666,0.3333333333333333,1.0,0.11093502376739559,0.15292491939198527,0.0,0.0,0.0014263074484944533,1.0
183.jpg,0.9999999998474214,0.8338119620520139,0.09571821987628937,0.16666666666666666,0.45028167963027954,0.0,0.0,0.0,0.0,0.0,0.0
184.jpg,0.9142300193658828,0.10870679414895834,0.14001287519931793,0.6666666666666666,1.0,0.16713091919677842,0.9173929518757105,0.0,0.0,1.0,1.0
185.jpg,0.6534861199720003,0.1418559279350983,0.16357013583183289,0.6666666666666666,1.0,0.22606168250830586,0.9057308970099669,0.0,0.0,1.0,1.0
186.jpg,0.9001168223714877,1.0,0.13868071138858795,0.3333333333333333,0.5713399648666382,0.01132182281283205,0.0,0.0,0.0,0.0,0.44919332012454005
187.jpg,0.3356825893803391,0.26991134424066,0.15084584057331085,0.16666666666666666,0.5064194798469543,0.02611136496989938,0.024567150210575574,0.0,0.3263920621450486,0.0,1.0
188.jpg,0.9665166317964082,1.0,0.06194911524653435,0.3333333333333333,0.7955873012542725,0.012536041117429106,0.017413512885999537,0.0,0.9690359784380093,0.0,0.0007521624670928919
189.jpg,0.10305235941987953,0.26651781984426287,0.10417431592941284,0.16666666666666666,0.6891657114028931,0.04166921992718097,0.010163411717815863,0.0,0.0,0.0,1.0
190.jpg,0.3701771064373073,0.09107984824505426,0.2144048660993576,0.5,0.7028794288635254,0.011908164237330258,0.3463940247336843,0.26055063351433744,0.0003810612555968372,0.005447985138611032,0.1587239211203201
191.jpg,0.40885190087350665,0.3384170219442681,0.12945762276649475,0.16666666666666666,1.0,0.11350737797527403,0.04598092643051771,0.0,0.0,0.0659477866061294,1.0
192.jpg,0.42171394496377157,1.0,0.11195220053195953,0.3333333333333333,1.0,0.18533078737244008,0.11766889383815887,0.0,5.616084465910367e-05,0.004085701448949793,1.0
193.jpg,0.12800663291911324,0.5477940703025227,0.16532355546951294,0.16666666666666666,0.6868059635162354,0.030729518775499898,0.010831988937543214,0.0,3.072951877573597e-05,0.0,1.0
194.jpg,0.37348028171114733,0.25949803529888077,0.12782712280750275,0.5,0.8056463003158569,0.0365059727820288,0.4409309385277005,0.0,0.0,1.0,1.0
195.jpg,0.2504347556013534,0.7216834037136578,0.09525829553604126,0.16666666666666666,0.8727819323539734,0.05590582973482148,0.03306689103912495,0.0,0.0,0.0021430568065347703,1.0
196.jpg,0.6447799423529104,1.0,0.19911061227321625,0.5,1.0,0.13795481979311813,0.6857558844940549,0.0,0.0,0.001847609193703348,1.0
197.jpg,0.6386882354827773,0.7117201977438087,0.23702843487262726,0.6666666666666666,0.7786495089530945,0.1195346119093724,0.13320663441603317,0.3686447431334006,0.0,0.9161132656855974,1.0
198.jpg,0.0038047828422516777,0.03872891489880866,0.08905839920043945,0.16666666666666666,0.2758074998855591,0.021929584105196985,0.0,0.0,0.0,0.04664422539226544,1.0
199.jpg,0.6763332135592339,1.0,0.10544363409280777,0.5,0.4442771077156067,0.008190567196666568,0.029759919973324445,5.460378131185585e-05,0.0,0.0,0.0
200.jpg,0.4082391843389308,0.9291244426220436,0.08997839689254761,0.3333333333333333,1.0,0.09082652134285761,0.3205751525809455,0.0,0.0,1.0,0.0446866485013624
201.jpg,0.901678141038976,1.0,0.07307685911655426,0.3333333333333333,0.8315988779067993,0.0,0.004784688995215311,0.0,0.0046468969734026295,0.0,1.0
202.jpg,0.6312199089478634,1.0,0.2539241313934326,0.5,0.7243747115135193,0.04492531166878907,0.15306443163960187,0.18169792719603658,0.0019467635056718206,0.08502115233424432,0.0506532889071918
203.jpg,0.19798366649631705,0.36275722427246926,0.25220316648483276,0.5,1.0,0.024268457678696127,0.25364006988934185,0.029025075383896665,0.0016502551221613487,0.08277970914253473,0.27505869933201066
204.jpg,0.7845080113873093,0.9711326022268589,0.22212310135364532,0.5,1.0,0.042671218262674476,0.20392106281439443,0.0,0.0006258445345281275,0.08342223170471517,1.0
205.jpg,0.6919179816967816,0.9437807995958593,0.09479747712612152,0.6666666666666666,0.3501622676849365,0.0,0.0,0.002477598381302391,0.0,0.0,0.0
206.jpg,0.17070344621152347,1.0,0.17736664414405823,0.5,0.5961329340934753,0.0024744512903957334,0.0002649474520886691,0.004355034271150373,0.0,0.02033998960730458,0.018261450523346448
207.jpg,0.5805100441492944,0.240006004114414,0.10745728015899658,0.16666666666666666,0.42210593819618225,0.011401858502610973,0.0,0.0,0.0,1.0,1.0
208.jpg,0.3274357763236543,0.09107984824505426,0.19360557198524475,0.3333333333333333,0.4702722132205963,0.038777290793767176,0.27025102367812,6.122730125362899e-05,4.081820083575266e-05,0.00016837507844747975,0.1733344898490237
209.jpg,0.589540864920413,1.0,0.1829865574836731,0.3333333333333333,1.0,0.20236901711594105,0.345962229173908,0.2154023244588021,0.17589395120864432,0.06831346775091901,0.2219004121644202
210.jpg,0.5588506571627828,1.0,0.09579654037952423,0.5,0.81622713804245,0.05006048975793605,0.024669535813095604,0.0,0.0,1.0,1.0
211.jpg,0.054874259697730285,0.12401058228187016,0.12010376155376434,0.6666666666666666,1.0,0.048193993505882285,0.3450233800935204,0.0035511363636363635,0.00015219155844155844,0.0,0.31636820211038963
212.jpg,0.9999999998972778,0.5216079674442448,0.19905562698841095,0.5,1.0,0.032512395348084824,0.00960658737419945,0.0,0.03283751930423474,0.9307485979029504,1.0
213.jpg,0.5162645054290269,0.7952186311701813,0.11890266090631485,0.3333333333333333,0.18517260253429413,0.0,0.04424967935014964,0.0,0.0,0.05358766773871576,0.6335810136409005
214.jpg,0.99999999980522,0.3733093449504968,0.1988067477941513,0.5,0.897020697593689,0.03213883978271913,0.858793324775353,0.35288446087096254,0.0,0.0,0.024586212437730997
215.jpg,0.60160810658654,1.0,0.0431080088019371,0.5,0.5143728852272034,0.0,0.012099484651579655,0.0,0.0,0.0,0.0
216.jpg,0.3581580047248796,0.15726949445163108,0.10622593015432358,0.16666666666666666,0.7255260944366455,0.05576272958366979,0.14105886708626433,0.0,0.0,0.011291952741086676,1.0
217.jpg,0.9999999998557206,0.737143894441198,0.07673411071300507,0.5,0.6209795475006104,0.0,0.0,0.0,0.0,0.0,0.0
218.jpg,0.983009708612288,1.0,0.11263767629861832,0.16666666666666666,1.0,0.015515903800192715,0.009554140127388536,0.0,0.0027928626842513575,0.18712179984484095,1.0
219.jpg,0.7413613513544965,1.0,0.19324544072151184,0.6666666666666666,1.0,0.06709158000497789,0.05561555075593952,0.0,0.0,1.0,1.0
220.jpg,0.9999999999568259,0.8054973544625473,0.15111035108566284,0.16666666666666666,1.0,0.06675567422983401,0.0787292817679558,0.0,0.0001483459427384661,1.0,1.0
221.jpg,0.4736516853666488,0.35395856786665253,0.13120678067207336,0.3333333333333333,0.9422906637191772,0.07867820613247846,0.241659886086249,0.0,0.0,0.17618298302798696,1.0
222.jpg,0.9941563183596108,0.1542764812782352,0.09809263050556183,0.6666666666666666,0.9299951195716858,0.14627011212259017,0.34773662551440326,0.0,0.0,1.0,1.0
223.jpg,0.9992858161692206,1.0,0.06891976296901703,0.5,0.45470303297042847,0.0,0.0,0.0,0.0,0.0,1.0
224.jpg,0.9999999998989082,0.6586351630033173,0.03580205515027046,0.5,0.5672652721405029,0.0,0.0,0.0,0.0,0.0,0.0
225.jpg,0.8513524623509269,1.0,0.24719324707984924,0.3333333333333333,0.5979405045509338,0.0,0.049620548744892,0.0,0.0,0.003980201051181303,0.010792468234933919
226.jpg,0.5469252508968985,1.0,0.05959586426615715,0.5,0.44748377799987793,0.0,0.0,0.0,0.0,0.0,0.0
227.jpg,0.3602076263749855,1.0,0.2308492362499237,0.5,0.7713800072669983,0.012222398767832817,0.39210572074421834,0.2992532114352763,0.0,0.07909114242761284,0.001210017478030238
228.jpg,0.5723800491319485,0.4769757130309527,0.2157745063304901,0.5,1.0,0.16389907267276474,0.14690366972477065,0.05132628854863058,8.626266982963122e-05,0.0,1.0
229.jpg,0.21910576404312782,0.17424789815687833,0.2571186125278473,0.5,0.8007614016532898,0.05746713597954647,0.15954617975536253,0.0,0.0,1.0,1.0
230.jpg,0.5549111652438659,1.0,0.1448700875043869,0.3333333333333333,1.0,0.13188562332861253,0.09568145800316957,0.0,0.0,1.0,1.0
231.jpg,0.8285865677207318,1.0,0.19055452942848206,0.5,0.7118313312530518,0.0,0.8697674418604651,0.0999616711383672,0.0,0.0,0.01471828286699885
232.jpg,0.26158758667556814,0.1426063350998871,0.06908147782087326,0.5,0.8980132937431335,0.24946365313329025,0.2699211908931699,0.0,0.0,1.0,1.0
233.jpg,0.7491874322183832,1.0,0.17056897282600403,0.5,0.880046546459198,0.038801047626404066,0.0317600352889281,0.0,0.0,1.0,1.0
234.jpg,0.0038047828422516777,0.03872891489880866,0.11548261344432831,0.16666666666666666,0.3020975589752197,0.004385916821039398,0.001283147989734816,0.0,0.0,1.0,1.0
235.jpg,0.1641343626739432,0.16199564077422365,0.20225679874420166,0.5,0.39394477009773254,0.03287310979483592,0.0011465698452130708,0.0,0.041091387245233396,0.03747534516765286,1.0
236.jpg,0.48470633591538964,1.0,0.1436905562877655,0.3333333333333333,0.4245346188545227,0.04629170386382662,0.6534466477809254,0.492940515160533,0.0,0.0,0.0
237.jpg,0.10212171178241129,0.21127897376596336,0.2526804506778717,0.6666666666666666,0.6610850691795349,0.049232086476703255,0.11170512099043331,0.08677690372986568,4.281050998020014e-05,0.0019906887140793065,0.6299245464761599
238.jpg,0.5195276067837212,0.8177929746669051,0.12772482633590698,0.3333333333333333,0.3979608416557312,0.0022556814977470743,0.0,0.023774882986522302,0.0,0.0,0.05589578751480291
239.jpg,0.936394723894832,1.0,0.05165320634841919,0.5,0.5911096334457397,0.033388981634202064,0.0179168657429527,0.0,1.0,0.0,0.0
240.jpg,0.0038047828422516777,0.03872891489880866,0.2489963322877884,0.3333333333333333,0.22011512517929077,0.024122542515716685,0.0,0.0,0.09534983169044199,0.05516386881722788,1.0
241.jpg,0.8216879751768744,1.0,0.12007895857095718,0.3333333333333333,0.6098510026931763,0.0038453404086857524,0.0,0.0,0.0,0.0,0.2103593470611986
242.jpg,0.950122850076161,1.0,0.08195216953754425,0.3333333333333333,0.5391905307769775,0.0,0.012006003001500749,0.0,1.0,0.0,0.0
243.jpg,0.44763916955504135,0.8190136455259904,0.08063367754220963,0.6666666666666666,0.565924882888794,0.005093594804403577,0.01763110307414105,0.0,0.00030561568827199796,0.0,0.00015280784413599898
244.jpg,0.5879453742080352,1.0,0.09104426205158234,0.3333333333333333,0.41533029079437256,0.032197477862506166,0.011196641007697692,0.0,0.0017171988194258116,0.0,1.0
245.jpg,0.99999999989998,0.6504991512073817,0.2041432112455368,0.3333333333333333,0.2220623642206192,0.0,0.0,0.0,0.0,0.0,0.0
246.jpg,0.4201832353228447,0.1370721839061814,0.08130642771720886,0.3333333333333333,0.7329866290092468,0.08751059698396066,0.0,0.0,0.0,1.0,1.0
247.jpg,0.0038047828422516777,0.03872891489880866,0.07554836571216583,0.3333333333333333,0.19010931253433228,0.008771833642078796,0.001283147989734816,0.0,0.0,0.001611824431749652,1.0
248.jpg,0.6480339499818304,1.0,0.06610878556966782,0.5,0.5624386072158813,0.0,0.0035965832459163793,0.0027914247431889234,0.0,0.0,0.0
249.jpg,0.7034781431620152,0.3360991970489797,0.08149529248476028,0.5,0.8294997215270996,0.32491707844293927,0.2507871536523929,0.0,0.0,1.0,1.0
250.jpg,0.6362615607175409,0.5929364262505765,0.13513486087322235,0.5,0.35323840379714966,0.0,0.0,0.0,0.0,0.0005591173400924408,0.2717310272849262
251.jpg,0.6768434971734271,0.09107984824505426,0.1894962191581726,0.3333333333333333,0.6580120325088501,0.0031106617932481423,0.26935183860351986,0.0038572206236876893,0.0,0.04311377245508982,0.38713741348471886
252.jpg,0.568733246251676,0.21614408538050278,0.09770602732896805,0.5,0.9616525769233704,0.30935276525936295,0.39361332870531063,0.0,0.0,1.0,1.0
253.jpg,0.47422397931364846,0.2509233970163433,0.19627833366394043,0.6666666666666666,1.0,0.10964053566803819,0.6161903071187644,0.0,0.0,1.0,1.0
254.jpg,0.5132117948717904,1.0,0.159163698554039,0.16666666666666666,1.0,0.04221190375645447,0.055609947131388296,0.0,0.00015349783184312522,1.0,1.0
255.jpg,0.6568738656242203,0.3672282129970661,0.09745471924543381,0.3333333333333333,0.7279818654060364,0.09080590237334779,0.032018974206937445,0.0,0.0,1.0,1.0
256.jpg,0.30006405961004584,1.0,0.21477577090263367,0.3333333333333333,1.0,0.13179660287443146,0.26319558834061446,0.004169076213402907,0.020388127546834865,1.0,1.0
257.jpg,0.4079350147052522,1.0,0.2169167548418045,0.5,0.52826988697052,0.023538302392708464,0.2970649273643641,0.26506606210395256,0.0003221030853759005,0.0050917064649805815,0.17341534573430212
258.jpg,0.39381209572622444,0.18395696178498988,0.16477400064468384,0.6666666666666666,1.0,0.3869762476389794,0.8156082631981636,0.0,0.0,1.0,1.0
259.jpg,0.8642339387353792,0.8409136018494249,0.09885913878679276,0.6666666666666666,0.34787529706954956,0.003741044873763284,0.005735041101127891,0.0,0.0,0.0,0.027833373861319465
260.jpg,0.4711861288473906,0.21221961684069846,0.11142285913228989,0.16666666666666666,0.735392689704895,0.04600874165879877,0.1103305785123967,0.0,0.0007361398665746492,0.00013802622498274673,1.0
261.jpg,0.9999999999614881,0.48984255056579445,0.10399404913187027,0.5,0.9569148421287537,0.006121449559068271,0.016004267804747934,0.0,0.0,9.182174338883447e-05,1.0
262.jpg,0.8816378218409557,1.0,0.12218494713306427,0.6666666666666666,0.3937092125415802,0.0,0.0,0.0,0.0,0.0,0.23307077690258965
263.jpg,0.6097926392224559,1.0,0.13277138769626617,0.3333333333333333,0.6872608065605164,0.09640877319690878,0.04867038160400648,0.0,0.0,1.0,1.0
264.jpg,0.654949016938343,1.0,0.10556115955114365,0.5,0.7063142657279968,0.05173305742247723,0.14785553047404065,0.0,0.0,1.0,1.0
265.jpg,0.9999999999235707,0.8093873243376138,0.06738553941249847,0.5,0.5443170666694641,0.0,0.0,0.0,0.0,0.0,0.0014154281670205238
266.jpg,0.0038047828422516777,0.03872891489880866,0.20238840579986572,0.3333333333333333,0.23609039187431335,0.013157750463118192,0.0,0.0,0.0,0.06842030240896482,1.0
267.jpg,0.12107701436570213,0.11641182151484435,0.23646196722984314,0.5,1.0,0.1462736780509214,0.40169315825846585,0.0,1.950315707355128e-05,1.0,1.0
268.jpg,0.9999999999269593,1.0,0.31695911288261414,0.6666666666666666,1.0,0.10640561821098075,0.1278169014084507,0.0,0.0,1.0,1.0
269.jpg,0.9999999999326554,1.0,0.48491525650024414,0.5,0.4432258903980255,0.010979961569531706,0.12655086848635236,0.0,0.0,0.731265440570958,0.665715069997255
270.jpg,0.5423793870387342,0.537028801015667,0.24909821152687073,0.3333333333333333,1.0,0.05330615764470422,0.6334690405298657,0.0,0.0006584878297338612,0.6755379610394701,0.07245717869321522
271.jpg,0.5846903221010918,1.0,0.11351851373910904,0.5,0.576156497001648,0.029076408647550806,0.01139360692056124,0.0,0.0017445845188892811,0.05944048682215622,1.0
272.jpg,0.49308380796666795,1.0,0.12760809063911438,0.6666666666666666,1.0,0.15199520465670496,0.2037763609612555,0.0,0.0,1.0,1.0
273.jpg,0.4804231846929719,0.15464258974514125,0.2007942944765091,0.5,1.0,0.12667390516407223,0.8914752116082225,0.0,0.0,0.6916395222584147,0.508686210640608
274.jpg,0.7227954593046425,0.26724487242384715,0.08269710093736649,0.16666666666666666,0.49909549951553345,0.0,0.4044069993519118,0.08677072823312956,5.935070330583418e-05,0.0001335390824381269,4.451302747937563e-05
275.jpg,0.7161634856741821,0.6600403619561641,0.14094606041908264,0.5,0.6987578868865967,0.0017770511612871444,0.36289242672221395,0.15591846889271943,0.018872283333037157,0.00010662306967817604,0.002558953672276225
276.jpg,0.7587247001798313,0.6309672480096249,0.15036137402057648,0.6666666666666666,0.5691988468170166,0.0,0.013544018058690745,0.05487589573164399,8.308235538477516e-05,6.231176653858137e-05,0.1845986083705473
277.jpg,0.8359336128929573,1.0,0.33975130319595337,0.8333333333333334,0.3899973928928375,0.002473196730403339,0.06924086633121855,0.0057872803492153785,0.0,0.8372636551374478,0.6966253230613229
278.jpg,0.0038047828422516777,0.03872891489880866,0.24880675971508026,0.3333333333333333,0.20686966180801392,0.017543667284157592,0.0,0.0,0.0,0.16180743632197014,1.0
279.jpg,0.8232851617820767,1.0,0.13269217312335968,0.6666666666666666,0.3876880407333374,0.0,0.005610098176718092,0.0,0.0,0.0,0.2787259376860488
280.jpg,0.4453962687082704,0.7318077163495165,0.337537944316864,0.3333333333333333,0.515545666217804,0.0,0.002348796241926013,0.0,0.0,0.9774473917041098,0.6474853841750082
281.jpg,0.7670789369304013,1.0,0.11913277953863144,0.3333333333333333,0.7664110660552979,0.09788612580469652,0.030580165761646187,0.0,0.0,0.00027967464516279395,1.0
282.jpg,0.636867293501077,0.1719859821600919,0.16910259425640106,0.3333333333333333,0.7511468529701233,0.014906461951097155,0.3310404127257094,0.0,0.0,0.0033858963574995475,0.17462920175896252
283.jpg,0.4597116200129438,1.0,0.15237492322921753,0.16666666666666666,0.5896629095077515,0.020005430045155072,0.04507681901633008,0.0,0.0013432217316128663,0.3811463111415956,1.0
284.jpg,0.9999999998681955,0.5099882287215004,0.031100591644644737,0.5,0.2545795142650604,0.0,0.0,0.0,0.0,0.0,0.0
285.jpg,0.4523163501042027,0.6635288584033718,0.12949030101299286,0.3333333333333333,0.8966454267501831,0.009677575444609145,0.013058289174867524,0.0,0.0,0.00024193938611913093,0.45852352457297696
286.jpg,0.717557938257973,0.9544532503109576,0.2070983350276947,0.3333333333333333,1.0,0.008489144506282197,0.008287292817679558,0.0,0.0,1.0,1.0
287.jpg,0.8791165911597381,1.0,0.12766042351722717,0.3333333333333333,0.5175440907478333,0.009511580348622647,0.0054097375275495895,0.0,0.34869453559708946,0.0,0.07076615779711799
288.jpg,0.6909181719228403,1.0,0.060611821711063385,0.5,0.29241228103637695,0.0,0.0,0.021128054381774758,0.0,0.0,0.0
289.jpg,0.5352305861572435,1.0,0.17325177788734436,0.5,1.0,0.15908320935527784,0.2784691556269236,0.0,0.0,1.0,1.0
290.jpg,0.20902902735204537,0.15517303720464257,0.33891451358795166,0.3333333333333333,0.22281980514526367,0.0023717758671664884,0.07011128775834657,0.0,0.0,1.0,0.07997628224132819
291.jpg,0.5320832968174877,1.0,0.22014470398426056,0.5,0.8284997344017029,0.09223215375517475,0.19192355449981105,0.0,0.0,1.0,1.0
292.jpg,0.476377062764454,0.7380677140528876,0.23013095557689667,0.3333333333333333,0.9523438215255737,0.005712735114713772,0.2871001573151547,0.0,0.000171382053442637,0.18303603307673633,0.006126908410574273
293.jpg,0.2783640716046271,0.3539408606655969,0.08443526923656464,0.3333333333333333,0.7154834866523743,0.09443189099543246,0.11100148001973359,0.0,0.0,0.00030353107820984117,1.0
294.jpg,0.9462450295991356,0.9109954021602057,0.09454260766506195,0.3333333333333333,0.4841442406177521,0.005036768409261691,0.04040613344384583,0.5249320036264733,0.0,0.0,0.0
295.jpg,0.28609942067762784,0.25832714501373594,0.2373444139957428,0.5,0.5799145102500916,0.0016037334915555116,0.009190920484612172,0.00035282136814504165,0.0,1.0,1.0
296.jpg,0.5648002138028918,1.0,0.2552889287471771,0.6666666666666666,0.5049199461936951,0.0,0.22117445349335618,0.000708269041054309,0.0,0.2688260440644525,0.7917941972529279
297.jpg,0.4095403742580752,0.8778768329776089,0.14734216034412384,0.5,1.0,0.07371198013513128,0.20809548521017124,0.0,0.0,1.0,1.0
298.jpg,0.4217016494549193,1.0,0.22346341609954834,0.3333333333333333,1.0,0.040004121636532226,0.6869574204216619,0.0,0.0013092257990217173,0.1528702957274386,0.047604904747761884
299.jpg,0.9995921903961058,1.0,0.12021410465240479,0.3333333333333333,1.0,0.0,0.015039232781168265,0.0,0.00013045463440088708,1.0,1.0
300.jpg,0.5080362069513128,0.46007477208913716,0.23432226479053497,0.6666666666666666,0.6201100945472717,0.03476608220979284,0.05415754923413567,0.0,0.0,1.0,1.0
301.jpg,0.7010392271149708,1.0,0.07160518318414688,0.3333333333333333,0.2606547772884369,0.0,0.0,0.0,0.0,0.0,0.7568823882989381
302.jpg,0.28018853311190073,1.0,0.10592107474803925,0.5,1.0,0.13596057143292484,0.38429806468600514,0.0,0.0,1.0,1.0
303.jpg,0.9963015985449413,1.0,0.10152608156204224,0.3333333333333333,0.47130724787712097,0.014614541467693493,0.009417040358744393,0.0,0.0,0.0,1.0
304.jpg,0.3919841356798439,0.09107984824505426,0.13954654335975647,0.3333333333333333,0.34384655952453613,0.0033345282059126643,0.02908518395757375,0.0023675150262177282,0.00013338112823761848,0.0,0.022433038505464457
305.jpg,0.26549973583055386,0.6519151698752056,0.10036379098892212,0.5,0.8231359124183655,0.033883064331989635,0.08243458688924318,0.0,0.0,1.0,1.0
306.jpg,0.9152612518926404,1.0,0.13607245683670044,0.3333333333333333,1.0,0.09097702829739815,0.05558674901740595,0.0,0.0,0.25684764596939275,1.0
307.jpg,0.20238429474974873,0.15218988799044206,0.09537576138973236,0.5,1.0,0.1857611888675963,0.16019211753072468,0.0,0.0,1.0,1.0
308.jpg,0.8435837182064234,0.7017366571959686,0.1318778395652771,0.3333333333333333,0.5222424268722534,0.014174679297546016,0.038461538461538464,0.0,0.0,1.0,1.0
309.jpg,0.5860849962705617,1.0,0.12697899341583252,0.3333333333333333,0.9733006358146667,0.0033135624108931116,0.13509234828496042,0.0,0.0,0.37476390867821996,0.007256701679976142
310.jpg,0.9981416476359548,0.8191057553114945,0.036348797380924225,0.5,0.5337951183319092,0.0,0.0,0.0,0.0,0.0,0.0
311.jpg,0.4790391636615923,1.0,0.2741038501262665,0.3333333333333333,1.0,0.05755886459748703,0.2808251510574018,0.0158606649114766,0.04353155611456346,0.45260453862306405,1.0
312.jpg,0.47129769359089213,0.6244391034304844,0.25814348459243774,0.3333333333333333,1.0,0.29822341249695183,0.3653185595567867,0.0,0.0,0.6792136319491451,1.0
313.jpg,0.6311970527063901,0.5102652981902817,0.11905395984649658,0.16666666666666666,1.0,0.23564174972909352,0.13639344262295083,0.0,0.0,0.02850143068205195,1.0
314.jpg,0.38981721530272073,0.14584653191596333,0.08388395607471466,0.5,1.0,0.09152320766852205,0.3977480647431386,0.02623665286554805,0.004706907823055132,0.0,0.0019612115929396384
315.jpg,0.7847626807584126,0.23434917996398594,0.07392056286334991,0.16666666666666666,0.8680076599121094,0.13861143951491656,0.1062634989200864,0.0,0.0,1.0,1.0
316.jpg,0.9972858708440606,0.6853960093504337,0.17635269463062286,0.3333333333333333,0.8736908435821533,0.06346261807553363,0.06271379703534777,0.0,0.0,1.0,1.0
317.jpg,0.3065576352942765,0.27814427909302575,0.08682681620121002,0.3333333333333333,1.0,0.12264164396670649,0.08009550683742131,0.0002281705004064287,0.0002281705004064287,0.0,0.00034225575060964304
318.jpg,0.06741681623543537,0.11177599393749056,0.1007557138800621,0.6666666666666666,1.0,0.18502153981849911,0.44932512431920435,0.0,0.0009941455870981996,0.0,0.7744808350822932
319.jpg,0.1257116558121278,0.28227624915854466,0.09620130062103271,0.5,1.0,0.17049716974407528,0.13587521663778163,0.0,0.0,1.0,1.0
320.jpg,0.6623223863639421,1.0,0.15218877792358398,0.5,1.0,0.13162404880878012,0.01281002998092123,0.0,0.0,1.0,1.0
321.jpg,0.0038047828422516777,0.03872891489880866,0.24001407623291016,0.16666666666666666,0.3333691358566284,0.04385916821039397,0.0,0.0,0.0,0.022401070163704344,1.0
322.jpg,0.6881921696868447,0.6312140428813083,0.1318298727273941,0.5,1.0,0.023200958972522313,0.04092128801431127,0.0,0.0007733652990990294,1.0,1.0
323.jpg,0.42848647038783905,0.272471493485011,0.22462241351604462,0.16666666666666666,1.0,0.10706638114994846,0.15837299870186067,0.0,0.0,0.9000713775874376,1.0
324.jpg,0.0038047828422516777,0.03872891489880866,0.1422962099313736,0.16666666666666666,0.1989951878786087,0.013157750463118192,0.0,0.0,0.0,0.2333527044659598,1.0
325.jpg,0.5205558772321822,1.0,0.11543407291173935,0.6666666666666666,0.4318733513355255,0.0,0.008181353332197034,0.0,0.0,0.0,0.14973987282671528
326.jpg,0.2551905243795938,0.26540435124151757,0.08353462815284729,0.6666666666666666,1.0,0.2189201762247511,0.5249094202898551,0.0,0.0,1.0,1.0
327.jpg,0.9419336383541252,1.0,0.07145747542381287,0.5,0.3936349153518677,0.0,0.0,0.0,0.0,0.0,0.022919508867667124
328.jpg,0.0038047828422516777,0.03872891489880866,0.09518168121576309,0.16666666666666666,0.3362445533275604,0.028508459336756088,0.005132591958939264,0.0,0.0,1.0,1.0
329.jpg,0.7126910029078056,0.5271108661262859,0.2252236306667328,0.16666666666666666,1.0,0.10442652433415252,0.027576197387518146,0.0,0.0,0.5262226605557812,1.0
330.jpg,0.5223966282464624,0.7975058128302086,0.1498444378376007,0.3333333333333333,0.7137466669082642,0.03759177679838365,0.03294080203691916,0.008082232011747431,9.397944199706314e-05,0.0,0.00045814977973568285
331.jpg,0.9999999998984153,0.13985314834768428,0.06052914261817932,0.3333333333333333,0.9037256836891174,0.20292207790148922,0.1879746835443038,0.0,0.0,1.0,1.0
332.jpg,0.3837253695846637,1.0,0.13502570986747742,0.3333333333333333,0.38896286487579346,0.0,0.03144705593317501,0.0,0.0,0.0049500739959514855,0.00413356694507289
333.jpg,0.45364082124375754,0.09107984824505426,0.25043123960494995,0.5,0.7715214490890503,0.005553395901542425,0.07557090167150592,0.15301456840858185,0.0,0.03518076303659688,0.43694118953740213
334.jpg,0.5186774995337107,1.0,0.30123502016067505,0.3333333333333333,0.43985235691070557,0.0,0.0352,0.0,0.0,1.0,0.05103371034077556
335.jpg,0.7233676058122132,1.0,0.2559972405433655,0.3333333333333333,0.8954023718833923,0.005874577764665643,0.4576877234803337,0.0,0.0,1.0,0.026729328829490383
336.jpg,0.5547214447099124,0.5067586720666614,0.3579055070877075,0.3333333333333333,1.0,0.16090260545749746,0.3777302785385077,0.0,0.0,1.0,1.0
337.jpg,0.46330950885614397,1.0,0.46551865339279175,0.6666666666666666,0.8518886566162109,0.03376132850792061,0.11165048543689321,0.02088982201449627,0.0,1.0,0.9617863962946942
338.jpg,0.808322560329537,1.0,0.2388729602098465,0.3333333333333333,0.5334495902061462,0.0,0.0,0.0,0.0,1.0,0.7079540621012335
339.jpg,0.6878848192732773,0.7770880712547754,0.13771440088748932,0.6666666666666666,0.34256526827812195,0.0,0.0,0.0,0.0,0.0,0.7713537281317242
340.jpg,0.5384075467384692,0.8272812114015017,0.15882954001426697,0.5,1.0,0.14467248955286838,0.20109634749448846,0.0,0.0,1.0,1.0
341.jpg,0.6043687550032024,1.0,0.3841550648212433,0.8333333333333334,0.5347222685813904,0.010792288909428517,0.025784035841638478,5.396144454787055e-05,0.0,1.0,1.0
342.jpg,0.18009535303110213,0.5365415964559349,0.1012890562415123,0.5,0.7608662247657776,0.0936607652759148,0.05114200595829196,0.0,0.0,1.0,1.0
343.jpg,0.6471077434256969,1.0,0.11375539004802704,0.3333333333333333,0.8317887187004089,0.0,0.009124484032152944,0.0,0.0019639613099621937,0.007512152010605391,1.0
344.jpg,0.31010596472602603,0.6165622498868003,0.1870303899049759,0.5,0.6401368975639343,0.012913723413788538,0.010157339175463055,0.00028410191510518226,0.001652956596975606,0.03478957087697096,1.0
345.jpg,0.17672608168948978,0.09637551330400806,0.1743747442960739,0.5,0.536114513874054,0.01424467605198726,0.19147019071932725,0.0,0.0,1.0,0.5107428598561288
346.jpg,0.18949812466376498,0.39364167558749275,0.16651621460914612,0.3333333333333333,0.5755583047866821,0.01079104343388513,0.013456609300622483,0.0,7.194028955966548e-05,1.0,1.0
347.jpg,0.5951174573654944,1.0,0.06948759406805038,0.5,0.29319220781326294,0.0,0.0,0.0,0.0,0.0,0.2979780329505741
348.jpg,0.5531727508856272,0.7252186500928075,0.2789537012577057,0.6666666666666666,1.0,0.20374811638894935,0.5060851926977687,0.0,8.489504849629645e-05,1.0,1.0
349.jpg,0.9270600203223026,1.0,0.31027138233184814,0.5,0.5696655511856079,0.017733640716124606,0.1807801017524025,0.001064018442986345,0.0004965419400602943,0.4744458237276113,0.7724773896080865
350.jpg,0.6969804365822951,1.0,0.053292166441679,0.3333333333333333,0.28711605072021484,0.0,0.0,0.0,0.0,0.0,0.0
351.jpg,0.8014920944088215,1.0,0.07330925762653351,0.5,0.6995359063148499,0.004523044913733705,0.5036129437637449,0.13352028585643855,0.0,0.0,0.0
352.jpg,0.9999999999384578,0.11692054112144674,0.12578541040420532,0.3333333333333333,0.5887698531150818,0.0492550178519114,0.1198202695956066,0.00024627508927471984,0.0024627508927471987,0.0,1.0
353.jpg,0.21454844043266766,1.0,0.24435412883758545,0.3333333333333333,0.6029292941093445,0.0037895295298729604,0.10827532869296211,0.0021600318320480513,0.0,0.2738124561835648,0.095467722682229
354.jpg,0.6515302799803981,0.8628732695761318,0.09101041406393051,0.16666666666666666,1.0,0.06637902422664917,0.018945993031358885,0.0,0.0,0.0006893206362174169,1.0
355.jpg,0.3528137995492605,1.0,0.13547876477241516,0.5,1.0,0.16775440754601062,0.5884072374382509,0.0,0.0007988305121302414,0.0,1.0
356.jpg,0.4598124437908076,0.42000013661781194,0.3920080065727234,0.6666666666666666,0.8806661367416382,0.004210747934057469,0.029935140528854147,0.007747776198747302,0.0001684299173640718,1.0,1.0
357.jpg,0.610557241217042,0.3172509414372942,0.09800036251544952,0.16666666666666666,0.523564875125885,0.03853935831782738,0.03400576368876081,0.0,0.0,1.0,1.0
358.jpg,0.5723228517440277,0.7660214103874982,0.28396520018577576,0.3333333333333333,0.650309145450592,0.006961849066991056,0.0404040404040404,0.0037593984962406013,0.0,0.83343776106934,0.023182957393483708
359.jpg,0.6311498017474375,1.0,0.2805628180503845,0.6666666666666666,0.44102632999420166,0.011663167716215731,0.058664447680465984,0.025425705621646838,0.0,1.0,0.08068579426172148
360.jpg,0.6472123699707646,1.0,0.16181188821792603,0.3333333333333333,1.0,0.12960044770872886,0.13534403091657565,0.0,0.0,1.0,1.0
361.jpg,0.36630136363836585,0.2979055489184956,0.17665180563926697,0.6666666666666666,0.5511046648025513,0.0317755736618676,0.07097608274078862,0.00018157470664336458,0.0,0.5545291540888355,1.0
362.jpg,0.0038047828422516777,0.03872891489880866,0.11461710929870605,0.16666666666666666,0.28977927565574646,0.008771833642078796,0.0,0.0,0.0,0.040164033289108676,1.0
363.jpg,0.4920912723228859,1.0,0.29677751660346985,0.3333333333333333,0.6371561884880066,0.004681976730520848,0.058582757738552066,0.0006086569749748343,0.0,1.0,0.19179717676803143
364.jpg,0.9999999999420827,0.6991054848130135,0.13424880802631378,0.3333333333333333,0.22962838411331177,0.0,0.1377906976744186,0.0,0.0,0.0,0.15726141078838174
365.jpg,0.8435383149649783,1.0,0.23143620789051056,0.5,0.6078971028327942,0.0033670600514593336,0.03201527746573803,0.13171938921530665,0.0,0.06353642317210728,0.11495143015875688
366.jpg,0.4357142857105718,1.0,0.2008860856294632,0.5,1.0,0.0812485689166519,0.20969185526147552,0.0,0.0007977132220966563,1.0,1.0
367.jpg,0.6311104977984767,1.0,0.28047680854797363,0.6666666666666666,0.4476267695426941,0.014003477530089934,0.06518349100738122,0.02501954652071931,0.0,1.0,0.08023992624835168
368.jpg,0.529059213354587,0.24885426392456736,0.08338894695043564,0.16666666666666666,1.0,0.15563753746381032,0.20099136552606334,0.0,0.0,0.0,1.0
369.jpg,0.2500749538163576,1.0,0.44117140769958496,0.3333333333333333,0.643982470035553,0.0066574017824639255,0.06943481276005548,3.3287008912596635e-05,0.0,1.0,0.9977864139073123
370.jpg,0.911547184665827,1.0,0.17493054270744324,0.5,1.0,0.11686181090597429,0.14646981435462653,0.0,0.0,1.0,1.0
371.jpg,0.15351930245661277,0.1461627469790141,0.17121610045433044,0.5,0.6217430233955383,0.03138017870987157,0.17832830374061337,0.0,0.0005962233954922374,1.0,1.0
372.jpg,0.570230690474363,0.8143267285315633,0.0625229924917221,0.3333333333333333,0.40762588381767273,0.0,0.0,0.0,0.0,0.0,0.0
373.jpg,0.34808982286515977,0.5925362209626139,0.17922452092170715,0.6666666666666666,0.7919077277183533,0.057154790560038304,0.1805975457940601,0.0,0.00013189567052461504,1.0,1.0
374.jpg,0.3231979256670424,1.0,0.2986801564693451,0.3333333333333333,0.5774879455566406,0.005936567773297789,0.07138888888888889,0.004066548924739162,0.0,0.46022499591860966,0.06095370961278737
375.jpg,0.6255568610096252,0.7316923934883333,0.24177880585193634,0.6666666666666666,0.8739665150642395,0.025604916143601626,0.176339561935404,0.0,0.0,1.0,1.0
376.jpg,0.9999999999021909,0.7579052592095582,0.2664712071418762,0.6666666666666666,1.0,0.01741705129169929,0.012028869286287089,0.0,0.0,1.0,1.0
377.jpg,0.6897011268850622,1.0,0.13378383219242096,0.5,1.0,0.13183309317025121,0.128923036853757,0.0,0.0,1.0,1.0
378.jpg,0.48108090498133205,0.6207757616323281,0.13034304976463318,0.3333333333333333,1.0,0.19874885963445282,0.5151543853002463,0.0,6.516356053694774e-05,0.41795907728398285,1.0
379.jpg,0.8861748253769512,1.0,0.1261894702911377,0.3333333333333333,0.8201805353164673,0.02154383092355077,0.009103977000479158,0.0,0.0,1.0,1.0
380.jpg,0.5470067516715077,0.7696758755748722,0.11723967641592026,0.3333333333333333,1.0,0.036366942448652295,0.009706774519716885,0.0,0.0,0.612819347213383,1.0
381.jpg,0.11353550295702478,0.20604657828190595,0.2900981605052948,0.5,1.0,0.08493383380250236,0.5104344122657581,0.0,0.0,1.0,1.0
382.jpg,0.520060014413982,0.8594990647064661,0.10389735549688339,0.16666666666666666,0.4460633099079132,0.02472963847147313,0.000544431673824935,0.0,0.001635960698897629,0.0,1.0
383.jpg,0.9689540112689707,1.0,0.10415612161159515,0.5,0.5862871408462524,0.0,0.005360333531864205,0.0,0.0030937004524536913,0.001856220271472215,1.0
384.jpg,0.44554132471851216,0.5873708021122103,0.07899042218923569,0.3333333333333333,0.5252718925476074,0.0,0.0,0.0001954532683451216,1.0,0.0,0.018360391395169862
385.jpg,0.8733584873659206,1.0,0.22633080184459686,0.3333333333333333,0.43488356471061707,0.0,0.0,0.0,0.0,0.2749510763209393,0.3972177316429848
386.jpg,0.9999999999537487,0.14401648740277104,0.07207880914211273,0.3333333333333333,0.8511166572570801,0.09251549634135833,0.2308186883840549,0.0,0.0,0.0,1.0
387.jpg,0.24216597795934777,0.23873528122858714,0.185739666223526,0.3333333333333333,0.60248202085495,0.0028365977845970147,0.042030732148237424,0.0,0.0,1.0,1.0
388.jpg,0.5341488894527677,1.0,0.32476386427879333,0.5,0.31638842821121216,0.004372349263211356,0.11499726754625653,0.03213676708495475,4.3723492632591494e-05,0.7191421450745485,0.2857548861003017
389.jpg,0.7733705123197372,0.26900304600291697,0.0756855234503746,0.3333333333333333,0.501706063747406,0.09764943850891752,0.06776779208161282,0.0,0.0,1.0,1.0
390.jpg,0.0038047828422516777,0.03872891489880866,0.2489738166332245,0.3333333333333333,0.21482394635677338,0.017543667284157592,0.0,0.0,0.0,0.23052378811635837,1.0
391.jpg,0.6264797710318317,1.0,0.29371151328086853,0.3333333333333333,0.5849087238311768,0.0059955632831105434,0.0922263109475621,0.0010392309690828788,0.0,0.5520714671143354,0.2057077762455783
392.jpg,0.342517969937459,1.0,0.1576482653617859,0.5,0.9793649911880493,0.10259662736809247,0.1973883856729045,0.0,0.0,0.9177454857483958,1.0
393.jpg,0.6519367920342631,0.9991437047940469,0.26178696751594543,0.3333333333333333,0.5672784447669983,0.0,0.0,0.0,0.0,1.0,1.0
394.jpg,0.8580040656854919,1.0,0.24233412742614746,0.3333333333333333,0.620113730430603,0.0062300443889692384,0.14882325796031382,0.0,0.0,0.07485398333463125,0.03065181839420606
395.jpg,0.9999999997605936,0.5770936223930899,0.10731309652328491,0.5,1.0,0.0,0.013990672884743503,0.0,0.027606247729749366,0.014711224119142753,1.0
396.jpg,0.5012303263614267,1.0,0.12131492048501968,0.3333333333333333,1.0,0.13006317353539282,0.3257306746790494,0.0,0.0,0.037486064659977704,1.0
397.jpg,0.6725904326449564,0.19090761734044773,0.29550492763519287,0.6666666666666666,0.8689790368080139,0.05083486489557669,0.6562261268143621,0.0,0.0002346224533687874,0.4501818324013608,0.4802721620459077
398.jpg,0.7351825361816542,0.31539887751822415,0.11824848502874374,0.3333333333333333,0.6252319812774658,0.03731807438504055,0.0058391003460207605,0.0,0.0,0.0,1.0
399.jpg,0.5152821966477891,0.09107984824505426,0.16316288709640503,0.6666666666666666,0.28213274478912354,0.0038379244504203693,0.03946784922394679,0.35470097771125375,3.837924450457193e-05,0.0,0.13819406464983736
400.jpg,0.5813418610787608,1.0,0.28242188692092896,0.6666666666666666,1.0,0.06272752730257376,0.39667645584127215,0.0,0.0,1.0,1.0
401.jpg,0.5361234731390296,0.9693829298532178,0.26069405674934387,0.8333333333333334,0.5911234617233276,0.0,0.0024586133420750698,0.0,0.0,1.0,1.0
402.jpg,0.5054029871222327,1.0,0.408862829208374,0.5,0.7429937720298767,0.018413380389561522,0.1259710886026158,0.00020459311544166538,4.0918623088333076e-05,1.0,0.9503145619149915
403.jpg,0.8990270598692908,0.9453357140688744,0.19178710877895355,0.5,0.3141533136367798,0.0,0.0,0.0,0.0,0.5031274433150899,1.0
404.jpg,0.999999999938879,0.37805834586221493,0.17602159082889557,0.5,1.0,0.009944806324402327,0.01083815028901734,0.0,0.0,0.4833175873899856,1.0
405.jpg,0.5027479620632678,0.9300830765714609,0.21146376430988312,0.3333333333333333,0.5070825815200806,0.0,0.0,0.0,0.0,0.2978975606712833,0.17593112483623433
406.jpg,0.6682664459890149,1.0,0.3667677044868469,0.5,0.6969031691551208,0.017149422921624573,0.0345514950166113,0.0020579307506302415,0.0,1.0,0.7984771312445337
407.jpg,0.6726835138156203,1.0,0.2511337697505951,0.5,0.4591454565525055,0.005881142117626337,0.16765128532652085,0.0,0.0,0.1740524009762696,0.5177463463404594
408.jpg,0.5263641523059819,1.0,0.35962727665901184,0.5,0.47358590364456177,0.00324206908843972,0.06787762906309752,0.03196680121253384,0.0,1.0,0.0006808345085833778
409.jpg,0.7739122262799754,1.0,0.3334029018878937,0.8333333333333334,0.9379711151123047,0.043438717471276984,0.3445544554455446,0.21621621621621623,0.0,0.9566834539210229,0.5277396934855498
410.jpg,0.5790892697599908,1.0,0.3345816731452942,0.6666666666666666,0.7411356568336487,0.020554632499947677,0.029003021148036254,0.0008221853000119902,0.0,0.6461348726469227,1.0
411.jpg,0.6173839839400836,1.0,0.16295772790908813,0.5,0.4435630440711975,0.0,0.0,0.0,0.0,0.0,0.819304412172787
412.jpg,0.5308345594832871,1.0,0.22799766063690186,0.5,1.0,0.13208639428496347,0.19885139985642497,0.0,0.00045659494321100393,1.0,1.0
413.jpg,0.4261100502576095,0.9004306403891369,0.16416677832603455,0.5,0.8103664517402649,0.05498029872572997,0.051542441080666794,0.0004072614720465907,0.005212946842196361,1.0,1.0
414.jpg,0.3208413304555502,0.2565795635112927,0.1754683554172516,0.3333333333333333,0.8347100615501404,0.012897817044382046,0.3153071614436022,0.0,0.0,0.008280398542546674,0.09443136749105215
415.jpg,0.5783130807637125,1.0,0.28792792558670044,0.6666666666666666,1.0,0.10684521689452187,0.49521798534343553,0.5581119263005437,0.007835315905691288,7.123014459719353e-05,0.7918655174870006
416.jpg,0.5451458938014775,1.0,0.44204026460647583,0.5,1.0,0.07996401619138115,0.2699210337401292,0.00726339813750479,0.0003998200809635664,1.0,1.0
417.jpg,0.9633480216431802,1.0,0.13730762898921967,0.6666666666666666,0.3627612292766571,0.006331618519883947,0.037500000000000006,0.0,0.0,0.0,1.0
418.jpg,0.7396858949261151,1.0,0.2265569418668747,0.5,1.0,0.10286358960575268,0.1144103338366046,0.0,6.636360619836082e-05,1.0,1.0
419.jpg,0.4408034967428325,0.8096209711194686,0.19780108332633972,0.5,1.0,0.09585629890394724,0.12805947706958484,0.0,0.0,1.0,1.0
420.jpg,0.5336519779072957,0.9759181152464306,0.10308025777339935,0.5,0.7288240194320679,0.009323791985983456,0.008123791102514506,0.0,0.0,1.0,1.0
421.jpg,0.649375866806562,1.0,0.11295602470636368,0.3333333333333333,0.4620414078235626,0.0,0.020855277017063408,0.0,0.002431216824020422,0.0003646825236030633,0.45986466226346284
422.jpg,0.20813847979097583,0.456516505727598,0.10075785219669342,0.5,0.7925941944122314,0.07506739004248056,0.07899860917941585,0.0,0.0,1.0,1.0
423.jpg,0.6330735800514706,1.0,0.02163069136440754,0.3333333333333333,0.30157262086868286,0.0,0.0,0.005754449422499897,0.0,0.0,0.0
424.jpg,0.0038047828422516777,0.03872891489880866,0.2641100585460663,0.16666666666666666,0.18138134479522705,0.006578875231559096,0.0,0.0,0.0,0.17489939803291632,1.0
425.jpg,0.6559689922311119,1.0,0.15233871340751648,0.5,1.0,0.12934328884454616,0.07881664642896567,0.0,0.0,0.01087659474395908,1.0
426.jpg,0.6024753204360063,1.0,0.5165480375289917,0.5,0.4988005459308624,0.017341541662552633,0.04588998763906057,1.0,0.38798809214139135,0.0,0.0645105349865603
427.jpg,0.44568077934240546,0.9300850719906274,0.256030410528183,0.3333333333333333,0.5186377167701721,0.005676174258469191,0.043682252062773014,0.0013055200794664396,5.676174258549737e-05,0.21413367390378885,0.01715623669646658
428.jpg,0.7354712481927261,0.6691957232190068,0.15558019280433655,0.6666666666666666,0.5650497078895569,0.0021357253456977337,0.011082557018952778,0.059245021090287786,8.542901382882162e-05,9.61076405574243e-05,0.2241870895402851
429.jpg,0.7988702337737684,1.0,0.16972285509109497,0.3333333333333333,1.0,0.056367137957246294,0.30688096433952783,0.0,0.0,0.0,0.21454741885480766
430.jpg,0.372138023157362,0.11341420495595449,0.31869056820869446,0.6666666666666666,0.49810928106307983,0.0029546898314131197,0.04847867229582181,0.5213254738583817,0.0002954689831434945,0.08979302397730798,0.3759030270797323
431.jpg,0.8697455920401596,1.0,0.14440186321735382,0.3333333333333333,0.4086051285266876,0.008674531574918697,0.007317073170731707,0.0,0.18615544760582928,0.00130117973629424,0.012231089521165858
432.jpg,0.6205433404628564,1.0,0.14386072754859924,0.3333333333333333,0.21046562492847443,0.0,0.0,0.0,0.0,0.0,0.0
433.jpg,0.0038047828422516777,0.03872891489880866,0.29355379939079285,0.3333333333333333,0.19699344038963318,0.017543667284157592,0.017001710863986313,0.0,0.03210491113036041,0.13733402046030196,0.8625563316191709
434.jpg,0.5321419706958258,1.0,0.12037120759487152,0.5,0.4691329300403595,0.0,0.2566454511418944,0.03509844686315274,0.0,0.0,0.0031185031185031187
435.jpg,0.438394402358926,1.0,0.20387513935565948,0.6666666666666666,1.0,0.07977980772960257,0.11223918778479494,0.0,0.0,0.9268818062148471,1.0
436.jpg,0.5300079132522109,0.6079894171173242,0.2231367826461792,0.5,0.945539653301239,0.10401497815565246,0.029616911685803195,0.0,0.0,1.0,1.0
437.jpg,0.43873743837144974,0.4086829979854654,0.08858318626880646,0.3333333333333333,0.5999897122383118,0.05821618752361666,0.15232722143864597,0.0,0.0,0.0,1.0
438.jpg,0.15921652690752544,0.2984139933485303,0.1233687773346901,0.3333333333333333,0.48205697536468506,0.02102386208302273,0.11876259333886452,0.0,0.0,0.26244087038789027,1.0
439.jpg,0.9808496159248712,1.0,0.03876347839832306,0.3333333333333333,0.4041813313961029,0.0,0.0014204545454545455,0.001590728326326554,1.0,0.0,0.0
440.jpg,0.7058059586932157,0.2655142465873496,0.11414118856191635,0.5,0.7651259899139404,0.21720243265152023,0.2216969395371983,0.0,0.0,1.0,1.0
441.jpg,0.8685856249092527,0.7698147847658882,0.13141289353370667,0.5,0.8621776700019836,0.05743075677924582,0.009983361064891847,0.0,0.007622627718171613,0.55438953716031,1.0
442.jpg,0.5940852229397602,0.5730212991174873,0.2337806671857834,0.5,0.3218331038951874,0.0,0.00357824427480916,0.0,0.0,0.1083855324307941,1.0
443.jpg,0.37533717433339037,1.0,0.23763373494148254,0.3333333333333333,0.4290509521961212,0.008688348924029886,0.014428354853886768,0.0,0.0,1.0,1.0
444.jpg,0.3425554953886693,0.4099996448301531,0.16334569454193115,0.3333333333333333,0.34611502289772034,0.0,0.013899613899613899,0.0,0.5749681180542904,0.0,0.4833965451564286
445.jpg,0.9999999998883554,0.55843092922379,0.1067609041929245,0.3333333333333333,0.12317583709955215,0.0,0.0,0.0,0.0,0.0,0.03357015985790408
446.jpg,0.4363723608026514,0.1424723886516374,0.051976241171360016,0.3333333333333333,0.6722474098205566,0.13446023817379366,0.0,0.0,0.0,1.0,1.0
447.jpg,0.5139479445340409,1.0,0.09619172662496567,0.5,0.6861259937286377,0.12754616409549263,0.13432171979243884,0.0,0.0,1.0,1.0
448.jpg,0.999184505555597,1.0,0.15986400842666626,0.6666666666666666,0.8089409470558167,0.013793579088458444,0.015199493350221659,0.0,0.0,1.0,1.0
449.jpg,0.4491253912640559,0.4315193819355068,0.05186687782406807,0.3333333333333333,0.3260864317417145,0.0,0.002864235249188467,0.0,0.0,0.0,1.0
450.jpg,0.600474854241261,1.0,0.2444739043712616,0.5,0.4824029505252838,0.0,0.0,0.009935304990757857,0.0,0.46268484288354894,0.0
451.jpg,0.0038047828422516777,0.03872891489880866,0.1167568564414978,0.16666666666666666,0.2252817302942276,0.010964792052598493,0.0,0.0,0.0,0.17591912369381915,1.0
452.jpg,0.8147998789379172,1.0,0.05284325033426285,0.3333333333333333,0.3672812581062317,0.0,0.0,0.0,0.003132691877377489,0.0,0.0030208100246140075
453.jpg,0.8600030220480508,0.16109022461476327,0.18156246840953827,0.3333333333333333,0.29179757833480835,0.0,0.18969396939693972,0.0,0.0,0.00012115827309074756,0.14684382698598603
454.jpg,0.5685480819940778,1.0,0.232034370303154,0.3333333333333333,0.6236292719841003,0.008860535176128377,0.04606424285210024,0.001949317738791423,0.0,0.031034024455077087,0.030834662413609784
455.jpg,0.5323593695954824,1.0,0.2584652304649353,0.3333333333333333,0.6049709916114807,0.002863155483617552,0.47803425167535374,0.16657838603925387,0.0,0.019755772837243925,0.0
456.jpg,0.41711142321121,0.5547021908243776,0.10962122678756714,0.5,0.5230295658111572,0.0,0.0,0.09198355601233299,0.0,4.2822884549503255e-05,0.0011133949982870847
457.jpg,0.9999999999302941,0.5957769267527926,0.18148837983608246,0.3333333333333333,0.44512176513671875,0.0,0.09904697072838665,0.0,0.0,0.04097646033129904,0.2706190061028771
458.jpg,0.856710438421691,1.0,0.1459265649318695,0.6666666666666666,0.5118545293807983,0.0,0.0,0.0,0.0,0.0,0.28397201150928586
459.jpg,0.3568058335673815,1.0,0.3770080804824829,0.3333333333333333,0.5730010271072388,0.0037367811366939134,0.019327309236947792,0.014012929262733082,0.0,1.0,0.12625649265722505
460.jpg,0.5581512231371781,1.0,0.13440445065498352,0.5,1.0,0.14587892049470635,0.36994703781253846,0.0,0.0,1.0,1.0
461.jpg,0.9999999999225166,0.5351072553136857,0.04718564823269844,0.5,0.5062403678894043,0.0,0.05986937590711176,0.052824466068494884,0.0,0.0,0.0
462.jpg,0.5415497192992407,1.0,0.08441145718097687,0.5,0.4207203984260559,0.010648776721490595,0.26260072681308266,0.0003194633016532226,0.0,0.0,0.0004791949524798339
463.jpg,0.9845606811093327,1.0,0.0899619534611702,0.5,0.7190341353416443,0.03417051084719115,0.05779109589041096,0.0,0.0,0.0,1.0
464.jpg,0.060870101629152414,0.1650223158508445,0.11342605203390121,0.3333333333333333,1.0,0.10490751168476978,0.41495530321333657,0.3963652632715716,0.38056742621762135,0.0,0.006849843410111233
465.jpg,0.0038047828422516777,0.03872891489880866,0.08082283288240433,0.16666666666666666,0.3878834545612335,0.04824508503143337,0.0080196749358426,0.0,0.0,1.0,1.0
466.jpg,0.8376219228204718,1.0,0.05050607770681381,0.5,0.5677322745323181,0.010265886458768818,0.015763076188201577,0.0,1.0,0.0,0.0
467.jpg,0.4274053523531933,1.0,0.09541606158018112,0.5,0.9491288065910339,0.08945807241325347,0.16792479703745905,0.0,0.0,1.0,1.0
468.jpg,0.3706916680070641,0.7503981073871825,0.1289799064397812,0.3333333333333333,0.7086972594261169,0.04707100661292251,0.07165171823037388,0.0,4.7071006613476426e-05,0.027818964908564572,1.0
469.jpg,0.913188023335899,1.0,0.19662722945213318,0.3333333333333333,0.5273045897483826,0.0,0.03490648107872988,0.0,0.0,0.18946890353834933,0.039181954556089235
470.jpg,0.35456843029628676,0.12645217307340087,0.21816904842853546,0.5,1.0,0.06594493597664601,0.1409691629955947,0.004066604385338243,0.0,0.0,0.45856459856020226
471.jpg,0.9999999997863247,1.0,0.06909336894750595,0.16666666666666666,0.4536421597003937,0.026024723483926517,0.0,0.0,0.0,0.0,0.24046844502277165
472.jpg,0.9999999998884426,0.5678914521383772,0.050413183867931366,0.5,0.5430797338485718,0.0,0.16703786191536749,0.0,0.0,0.0,0.0
473.jpg,0.7454111529212346,1.0,0.22940194606781006,0.5,0.7452982068061829,0.06523157207970516,0.09661391240338607,0.03508008987461042,0.0,0.36616655794737984,1.0
474.jpg,0.6480556545979258,0.2122091265840207,0.10350911319255829,0.3333333333333333,0.8355674743652344,0.0892219842889702,0.25049198763002534,0.0035688793718772305,0.0,0.0,0.0
475.jpg,0.0038047828422516777,0.03872891489880866,0.10407742112874985,0.3333333333333333,0.3688749074935913,0.035087334568315184,0.0,0.0,0.0,0.14529445949057576,1.0
476.jpg,0.7513481765843693,0.465258070959585,0.06136559322476387,0.3333333333333333,0.846214234828949,0.18139137856479987,0.12418785966214962,0.0,0.0,0.3117797695262484,1.0
477.jpg,0.11340822555418961,0.28973607875428437,0.13467499613761902,0.6666666666666666,0.822348415851593,0.11962475602469229,0.34097331240188383,0.0,0.0,1.0,1.0
478.jpg,0.5315776639699916,1.0,0.15383663773536682,0.3333333333333333,1.0,0.05748984944742391,0.06606005459508645,0.0,0.0,1.0,1.0
479.jpg,0.3235766771179601,0.9326762789315186,0.12298811972141266,0.5,0.6195347309112549,0.14637067263814987,0.20311200855208458,0.0,0.0,1.0,1.0
480.jpg,0.6524324983315618,1.0,0.14622044563293457,0.3333333333333333,0.9675908088684082,0.07441959361487302,0.09844373912153169,0.0,0.0,1.0,1.0
481.jpg,0.6002348598221381,0.3094970042099768,0.1510135382413864,0.5,0.9264862537384033,0.16803898501629322,0.6528674515761489,0.0,0.0,1.0,1.0
482.jpg,0.34901714762480773,1.0,0.07549440115690231,0.3333333333333333,1.0,0.06277682837293701,0.04534754057737579,0.0,0.0,0.06758971855055279,1.0
483.jpg,0.43572463040141496,0.15653086334024943,0.36436691880226135,0.3333333333333333,0.28796663880348206,0.00857057151415472,0.24518036664695447,0.0,0.0,1.0,0.2607167854643107
484.jpg,0.9927297666676639,1.0,0.031173283234238625,0.3333333333333333,0.46181368827819824,0.016443311681621036,0.0014184397163120566,0.0,0.45547973361835076,0.0,0.0
485.jpg,0.9999999998042286,0.471241127885701,0.048132169991731644,0.5,0.4237019419670105,0.029568302775049037,0.0,0.0,0.0,0.0,0.0
486.jpg,0.6431214173881417,0.14471334804970368,0.07619474828243256,0.3333333333333333,0.5419884324073792,0.07820238777753499,0.0,0.0,0.0,1.0,1.0
487.jpg,0.446959928574515,0.8740979876296856,0.11404918134212494,0.5,0.3561919927597046,0.0,0.0,0.0,0.0,0.0,0.020222338236648957
488.jpg,0.8836537667759858,1.0,0.18234947323799133,0.3333333333333333,0.3281620442867279,0.0,0.0,0.0,0.0,0.06123091452856918,0.14733196914843383
489.jpg,0.3352076063414209,1.0,0.10935382544994354,0.3333333333333333,0.9296451807022095,0.18311904045383284,0.16928075985752672,0.0,0.0,0.0,1.0
490.jpg,0.125955734404025,0.4284832871375503,0.181557759642601,0.3333333333333333,0.9205288887023926,0.04185135160762738,0.0787090782447179,0.0,0.0,1.0,1.0
491.jpg,0.5868229357186008,0.17617245162817388,0.2888631522655487,0.16666666666666666,0.6451612114906311,0.03256268316376739,0.05996637399589016,0.0,0.0,1.0,1.0
492.jpg,0.9778242250725009,1.0,0.1124984472990036,0.6666666666666666,0.557046115398407,0.0,0.0,0.0,0.0,0.0,0.28212724448137577
493.jpg,0.5552240135264268,0.9665951104455618,0.21864263713359833,0.5,0.6288790106773376,0.011447214034120608,0.019626168224299065,0.00017170821051426608,0.00011447214034284406,0.08675557336233294,0.1384826717797556
494.jpg,0.4434353467914883,0.1341816413414474,0.12812967598438263,0.3333333333333333,0.6070224642753601,0.02839519805605851,0.0022616853744345787,0.0,0.0,1.0,1.0
495.jpg,0.310336960196446,1.0,0.137783944606781,0.3333333333333333,1.0,0.030834695198800267,0.2705230861333533,0.0,0.0,1.0,0.9853997718232556
496.jpg,0.7922537562075289,1.0,0.06683744490146637,0.3333333333333333,0.28099173307418823,0.0,0.011764705882352941,0.0,0.0,0.0,0.0
497.jpg,0.9925985889912572,1.0,0.0697377622127533,0.5,0.5027762055397034,0.013615630743167292,0.009810791871058164,0.0,0.0,0.0,1.0
498.jpg,0.5467432769616459,0.09107984824505426,0.041916798800230026,0.3333333333333333,0.40005654096603394,0.011398869232042235,0.40625907638687186,0.005517052708371329,0.0,0.0,0.0
499.jpg,0.5746755929767191,1.0,0.08413763344287872,0.3333333333333333,0.3725472688674927,0.0,0.23053278688524592,0.0,0.0,0.0,0.0
500.jpg,0.35590051743094975,0.22462385015262912,0.22205495834350586,0.5,0.901698887348175,0.12688660344173613,0.5935196296931253,0.0,0.0,1.0,1.0
