step,epoch,loss,lm,cls,rec,dist,ahead,lr
1,0,1.5024709701538086,1.3982365131378174,0.665291965007782,0.5553674697875977,0.0,0.19873832166194916,1.9999896186455852e-05
2,0,2.672916889190674,2.584644317626953,0.679151713848114,0.2650444507598877,7.710089562351641e-07,0.14210398495197296,1.9999584748092293e-05
3,0,2.232753276824951,2.1504287719726562,0.6288285255432129,0.22702300548553467,1.0939201047222014e-06,0.1618085652589798,1.9999065691715965e-05
4,0,2.010307788848877,1.9201195240020752,0.6353679299354553,0.37654101848602295,1.2941555951329065e-06,0.1564863920211792,1.9998339028671094e-05
5,0,1.6471984386444092,1.5707299709320068,0.5816554427146912,0.19704580307006836,1.4181221104081487e-06,0.16901297867298126,1.9997404774839252e-05
6,0,1.9756417274475098,1.8691529035568237,0.8370000123977661,0.3260193467140198,1.5974379721228615e-06,0.12975576519966125,1.999626295063901e-05
7,0,2.1237692832946777,2.056694507598877,0.5593751668930054,0.12155613303184509,1.498145593359368e-06,0.10118939727544785,1.999491358102548e-05
8,0,2.3803842067718506,2.35463285446167,,0.35395383834838867,1.7215770640177652e-06,0.16107049584388733,1.9993356695489792e-05
9,0,1.2541308403015137,1.1880629062652588,0.5567225813865662,0.07993608713150024,1.8641330825630575e-06,0.12797656655311584,1.999159232805843e-05
10,0,1.6508692502975464,1.578521728515625,0.49337396025657654,0.29467055201530457,1.8134318224838353e-06,0.16553087532520294,1.9989620517292498e-05
11,0,2.072871208190918,2.0071234703063965,0.4714772701263428,0.23378318548202515,1.908435251607443e-06,0.13821753859519958,1.9987441306286873e-05
12,0,2.081742525100708,2.024700164794922,0.4403914511203766,0.08017560094594955,1.921537432281184e-06,0.17988905310630798,1.9985054742669263e-05
13,0,1.6797122955322266,1.6177170276641846,0.44586724042892456,0.2078719586133957,2.2296801489574136e-06,0.14029811322689056,1.9982460878599166e-05
14,0,1.2647380828857422,1.213147521018982,0.4139901101589203,0.06989310681819916,1.9840554159600288e-06,0.13393959403038025,1.9979659770766737e-05
15,0,1.7542201280593872,1.6983747482299805,0.37846145033836365,0.2318832278251648,2.1171299522393383e-06,0.12810342013835907,1.997665148039154e-05
16,0,1.6184991598129272,1.5584971904754639,0.3872423470020294,0.25460565090179443,2.1792484403704293e-06,0.1709512621164322,1.9973436073221214e-05
17,0,2.250865936279297,2.1040613651275635,1.245901346206665,0.2824888825416565,2.4263390514533967e-06,0.16180194914340973,1.9970013619530037e-05
18,0,2.5212326049804688,2.4734184741973877,0.32006871700286865,0.18904268741607666,2.3294824131880887e-06,0.12709911167621613,1.996638419411739e-05
19,0,1.8482136726379395,1.8082165718078613,0.31889933347702026,0.04400382563471794,2.398258175162482e-06,0.11813918501138687,1.9962547876306107e-05
20,0,2.1213815212249756,1.9677422046661377,1.3363317251205444,0.2511817514896393,2.4558862605772447e-06,0.14894017577171326,1.9958504749940776e-05
21,0,2.1414356231689453,1.989511251449585,1.377936840057373,0.14779724180698395,2.5535821350786136e-06,0.13481557369232178,1.9954254903385877e-05
22,0,2.0290584564208984,1.881765365600586,1.3786190748214722,0.0716475248336792,2.699474180190009e-06,0.11697231978178024,1.9949798429523853e-05
23,0,1.648842692375183,1.6087158918380737,0.28846436738967896,0.06081033870577812,2.636386170706828e-06,0.16479738056659698,1.99451354257531e-05
24,0,2.095848321914673,1.9355087280273438,1.5021182298660278,0.10827719420194626,2.730806500039762e-06,0.09427855163812637,1.9940265993985812e-05
25,0,1.2764040231704712,1.267663836479187,,0.04781511425971985,2.7812441203423077e-06,0.1269894391298294,1.993519024064577e-05
26,0,1.525975227355957,1.3842185735702515,1.3413054943084717,0.03828458487987518,3.030258312719525e-06,0.1142338216304779,1.9929908276666025e-05
27,0,2.4506449699401855,2.4160749912261963,0.23664510250091553,0.08041492849588394,2.651084741955856e-06,0.13769768178462982,1.9924420217486443e-05
28,0,1.68180513381958,1.6740659475326538,,0.06054782494902611,3.0205924304027576e-06,0.09423364698886871,1.9918726183051207e-05
29,0,1.5887969732284546,1.5774136781692505,,0.09993424266576767,2.90110551759426e-06,0.12773263454437256,1.991282629780619e-05
30,0,1.8496754169464111,1.8404093980789185,,0.04564680904150009,3.0902324397175107e-06,0.13967150449752808,1.990672069069624e-05
31,0,1.4056296348571777,1.3733303546905518,0.23554742336273193,0.0653349757194519,2.9118552902218653e-06,0.10955595970153809,1.9900409495162344e-05
32,0,1.6568609476089478,1.4808510541915894,1.6402719020843506,0.09932500869035721,3.036717998838867e-06,0.14032717049121857,1.9893892849138726e-05
33,0,1.8946466445922852,1.7482948303222656,1.3984293937683105,0.040379468351602554,3.167969680362148e-06,0.0897945836186409,1.9887170895049842e-05
34,0,2.239276647567749,2.095372438430786,1.3643016815185547,0.046336062252521515,3.2882978757697856e-06,0.10314668715000153,1.9880243779807236e-05
35,0,1.929914116859436,1.9005244970321655,0.2195986658334732,0.04074416309595108,2.8691663374047494e-06,0.10785044729709625,1.987311165480636e-05
36,0,1.4272029399871826,1.3958461284637451,0.22124288976192474,0.05227690190076828,3.0513660931319464e-06,0.13237102329730988,1.986577467592325e-05
37,0,2.6219704151153564,2.586371898651123,0.28089630603790283,0.04165895655751228,3.3055368930945406e-06,0.10851921141147614,1.9858233003511124e-05
38,0,1.7973510026931763,1.763515591621399,0.23466087877750397,0.07832218706607819,3.4195181797258556e-06,0.12906189262866974,1.9850486802396873e-05
39,0,1.0624288320541382,1.026289463043213,0.26660850644111633,0.06241156533360481,3.1798126656212844e-06,0.12715764343738556,1.9842536241877465e-05
40,0,1.170931100845337,1.133644938468933,0.21329833567142487,0.17026716470718384,2.944294692497351e-06,0.1488587111234665,1.9834381495716243e-05
41,0,2.586660623550415,2.55526065826416,0.23510368168354034,0.056394319981336594,3.2846069188963156e-06,0.10139274597167969,1.9826022742139118e-05
42,0,1.5095252990722656,1.3407347202301025,1.597642421722412,0.0607171505689621,3.3980732041527517e-06,0.11980458348989487,1.981746016383069e-05
43,0,1.3149302005767822,1.2794737815856934,0.2238054722547531,0.1371377557516098,3.0623514248873107e-06,0.12437492609024048,1.9808693947930245e-05
44,0,1.3899238109588623,1.3578015565872192,0.2305804342031479,0.06947819888591766,3.08743369714648e-06,0.11180364340543747,1.9799724286027663e-05
45,0,1.9472941160202026,1.9161041975021362,0.2144574522972107,0.09232918918132782,2.8961123916815268e-06,0.10255299508571625,1.9790551374159236e-05
46,0,1.5644525289535522,1.532360553741455,0.22358453273773193,0.08937210589647293,3.1312126793636708e-06,0.10529734939336777,1.9781175412803385e-05
47,0,1.3350878953933716,1.3030511140823364,0.23335987329483032,0.08595792949199677,3.1643933198211016e-06,0.08805785328149796,1.9771596606876272e-05
48,0,2.0593817234039307,1.9015626907348633,1.4320158958435059,0.1667272448539734,3.3125354548246833e-06,0.12562289834022522,1.9761815165727328e-05
49,0,1.5219635963439941,1.4892665147781372,0.2071136236190796,0.1131773442029953,3.097541593888309e-06,0.1265355348587036,1.9751831303134675e-05
50,0,2.1189839839935303,1.9809759855270386,1.307172179222107,0.055236417800188065,3.3516116673126817e-06,0.09058214724063873,1.9741645237300448e-05
51,0,2.1826136112213135,2.060837745666504,1.1548168659210205,0.03482978790998459,3.54176609107526e-06,0.09105843305587769,1.9731257190846038e-05
52,0,1.6932092905044556,1.5521332025527954,1.339028000831604,0.041882824152708054,3.4521638099249685e-06,0.1015797108411789,1.9720667390807218e-05
53,0,1.1842278242111206,1.1539782285690308,0.21733629703521729,0.06027738377451897,3.253131126257358e-06,0.11003872007131577,1.970987606862918e-05
54,0,1.5165687799453735,1.477117896080017,0.24236565828323364,0.16378961503505707,3.3448804970248602e-06,0.14049503207206726,1.969888346016149e-05
55,0,1.9718362092971802,1.843221664428711,1.1821192502975464,0.08495382219552994,3.539091721904697e-06,0.12309569120407104,1.9687689805652902e-05
56,0,1.371524453163147,1.2227983474731445,1.4196770191192627,0.03714374452829361,3.566915438568685e-06,0.09802380949258804,1.9676295349746155e-05
57,0,1.7588587999343872,1.6381465196609497,1.0974509716033936,0.09866759926080704,3.665915301098721e-06,0.12067212164402008,1.966470034147258e-05
58,0,2.1545140743255615,2.1165881156921387,0.28213343024253845,0.10075954347848892,3.2111568089021603e-06,0.09349123388528824,1.965290503424668e-05
59,0,2.0707156658172607,2.061128616333008,,0.06542371958494186,3.5697473776963307e-06,0.12632067501544952,1.9640909685860594e-05
60,0,1.8904963731765747,1.8502212762832642,0.3036005198955536,0.10457732528448105,3.3431324482080527e-06,0.09372091293334961,1.9628714558478457e-05
61,0,1.4776901006698608,1.4363446235656738,0.31825777888298035,0.08853187412023544,3.405682491575135e-06,0.10185927152633667,1.9616319918630663e-05
62,0,1.4521914720535278,1.413018822669983,0.28973546624183655,0.09873897582292557,3.3187916415045038e-06,0.10523957014083862,1.9603726037208055e-05
63,0,1.380100965499878,1.3356455564498901,0.32218748331069946,0.12027103453874588,3.727156581589952e-06,0.12446089833974838,1.9590933189455994e-05
64,0,1.3513870239257812,1.3178861141204834,0.2500932216644287,0.0730070248246193,3.4769084322761046e-06,0.09682383388280869,1.9577941654968345e-05
65,0,1.3080873489379883,1.274176001548767,0.2661656439304352,0.0528755746781826,3.719853566508391e-06,0.09301704168319702,1.9564751717681372e-05
66,0,0.8014968633651733,0.792229175567627,,0.07173667103052139,3.5657387797982665e-06,0.11361555010080338,1.955136366586752e-05
67,0,1.7315257787704468,1.6975895166397095,0.2769031524658203,0.05561596155166626,3.441709850449115e-06,0.069302037358284,1.9537777792129134e-05
68,0,1.5278832912445068,1.4027841091156006,1.20100998878479,0.02592143416404724,4.0049440030998085e-06,0.07404150068759918,1.9523994393392043e-05
69,0,1.9853556156158447,1.9498753547668457,0.29937487840652466,0.04198657348752022,3.737350652954774e-06,0.06886766105890274,1.9510013770899085e-05
70,0,1.1327331066131592,1.091556191444397,0.26474878191947937,0.15849190950393677,3.656379249150632e-06,0.1355477273464203,1.9495836230203513e-05
71,0,1.216801643371582,1.1852507591247559,0.2485993653535843,0.05286899209022522,3.913077307515778e-06,0.08094866573810577,1.9481462081162327e-05
72,0,1.4037007093429565,1.2479082345962524,1.4817399978637695,0.04767972230911255,3.920894869224867e-06,0.10468792915344238,1.94668916379295e-05
73,0,1.209989309310913,1.1750462055206299,0.2906968295574188,0.03637224808335304,4.080932285432937e-06,0.08109217882156372,1.94521252189491e-05
74,0,1.2922128438949585,1.2567684650421143,0.2729390263557434,0.07485350221395493,3.7567224353551865e-06,0.0881517305970192,1.9437163146948354e-05
75,0,1.3104777336120605,1.281516671180725,0.2384655475616455,0.041169364005327225,3.6600993098545587e-06,0.06111849099397659,1.942200574893057e-05
76,0,0.9062185883522034,0.8712573051452637,0.25527021288871765,0.09181439131498337,3.7187944599281764e-06,0.09687057882547379,1.9406653356167996e-05
77,0,0.9471635818481445,0.9182968139648438,0.21678362786769867,0.05367068946361542,3.6720771277032327e-06,0.09009601175785065,1.9391106304194598e-05
78,0,2.143671751022339,2.105015993118286,0.28897756338119507,0.09304942190647125,4.00758653995581e-06,0.10211154073476791,1.9375364932798698e-05
79,0,1.5810831785202026,1.544242262840271,0.2912808656692505,0.05545959994196892,4.3722793634515256e-06,0.09879624843597412,1.935942958601558e-05
80,0,1.0946797132492065,1.0666881799697876,0.2265256643295288,0.03111301362514496,4.158175670454511e-06,0.07566522806882858,1.934330061211994e-05
81,0,1.6971919536590576,1.6423646211624146,0.492825448513031,0.04572919011116028,4.805217940884177e-06,0.0651639774441719,1.9326978363618294e-05
82,0,0.9014279246330261,0.866795003414154,0.2972569465637207,0.030006835237145424,4.7101802920224145e-06,0.06813555955886841,1.9310463197241264e-05
83,0,2.1043756008148193,1.9702904224395752,1.2546236515045166,0.08003818243741989,4.528495537670096e-06,0.09241864830255508,1.929375547393579e-05
84,0,2.2712419033050537,2.15826153755188,1.0617172718048096,0.057822756469249725,5.05118805449456e-06,0.07835068553686142,1.927685555885723e-05
85,0,1.4098491668701172,1.3793971538543701,0.2166873663663864,0.0608656108379364,4.347012691141572e-06,0.11479684710502625,1.925976382136139e-05
86,0,1.175162672996521,1.0599288940429688,1.0638905763626099,0.08147621154785156,5.1049928515567444e-06,0.09541623294353485,1.9242480634996453e-05
87,0,0.8953654170036316,0.8604966998100281,0.27038756012916565,0.06490141898393631,4.810880000150064e-06,0.09169575572013855,1.92250063774948e-05
88,0,1.1850537061691284,1.1509753465652466,0.26078465580940247,0.07503826916217804,4.801576778845629e-06,0.0849590003490448,1.9207341430764776e-05
89,0,1.8973630666732788,1.8678689002990723,0.23407648503780365,0.042669039219617844,4.6354816731764e-06,0.07905782759189606,1.9189486180882312e-05
90,0,1.222955346107483,1.1170198917388916,0.9359810948371887,0.12152055650949478,4.733861715067178e-06,0.1252254694700241,1.9171441018082527e-05
91,0,1.9482210874557495,1.9412586688995361,,0.05023153871297836,5.104999218019657e-06,0.08901465684175491,1.915320633675117e-05
92,0,1.3133113384246826,1.2824761867523193,0.2408420294523239,0.05275091901421547,4.55924100606353e-06,0.08226746320724487,1.9134782535416003e-05
93,0,0.6946754455566406,0.6648105382919312,0.24686768651008606,0.036173589527606964,4.48695527666132e-06,0.06738623976707458,1.9116170016738103e-05
94,0,1.7303342819213867,1.6845089197158813,0.3702319264411926,0.07460453361272812,5.113981387694366e-06,0.10143780708312988,1.909736918750306e-05
95,0,0.938615620136261,0.8932269811630249,0.3477715849876404,0.10393928736448288,5.066042376711266e-06,0.108287513256073,1.907838045861207e-05
96,0,1.35331392288208,1.3155560493469238,0.28301042318344116,0.0997946485877037,5.051466359873302e-06,0.0893406867980957,1.9059204245072977e-05
97,0,1.3004783391952515,1.265442132949829,0.2886199951171875,0.05071389302611351,5.1313836593180895e-06,0.0727669969201088,1.9039840965991196e-05
98,0,1.343064785003662,1.292490005493164,0.43422412872314453,0.05613873898983002,5.3689668675360736e-06,0.0869048461318016,1.9020291044560533e-05
99,0,1.2996265888214111,1.2679870128631592,0.27243223786354065,0.031951792538166046,5.2311879699118435e-06,0.055970437824726105,1.9000554908053973e-05
100,0,1.3887619972229004,1.3566197156906128,0.23885402083396912,0.07751337438821793,5.300034899846651e-06,0.08762266486883163,1.8980632987814306e-05
101,0,1.4701759815216064,1.4381624460220337,0.24814148247241974,0.07274257391691208,5.1008992159040645e-06,0.07124403864145279,1.8960525719244723e-05
102,0,1.4285976886749268,1.326708436012268,0.9013669490814209,0.11265944689512253,5.156221504876157e-06,0.12239038199186325,1.8940233541799284e-05
103,0,1.8899592161178589,1.8572120666503906,0.2284242957830429,0.10257717967033386,4.965908374288119e-06,0.09551641345024109,1.8919756898973337e-05
104,0,0.7305803894996643,0.6973149180412292,0.28148382902145386,0.04227418452501297,5.271024292596849e-06,0.060066115111112595,1.8899096238293793e-05
105,0,1.4436752796173096,1.3208959102630615,1.1636474132537842,0.0525154210627079,5.537761808227515e-06,0.07577528059482574,1.887825201130937e-05
106,0,2.501905918121338,2.333369016647339,1.5796109437942505,0.11390171945095062,5.435035291156964e-06,0.09761214256286621,1.8857224673580724e-05
107,0,1.3303464651107788,1.289501667022705,0.2958265542984009,0.112307608127594,5.005173989047762e-06,0.11293379217386246,1.883601468467047e-05
108,0,0.9552363157272339,0.9277676939964294,0.18784962594509125,0.08516698330640793,5.291841716825729e-06,0.08850459009408951,1.881462250813316e-05
109,0,1.1004445552825928,1.0719636678695679,0.19220422208309174,0.09209725260734558,4.874275418842444e-06,0.09310945123434067,1.8793048611505142e-05
110,0,1.1515358686447144,1.1205391883850098,0.24898475408554077,0.052713047713041306,5.8988307500840165e-06,0.06924758851528168,1.8771293466294353e-05
111,0,1.4869133234024048,1.3964093923568726,0.8114387392997742,0.08224423229694366,6.84632550473907e-06,0.10495420545339584,1.8749357547969997e-05
112,0,1.3951314687728882,1.305708885192871,0.8112280368804932,0.07804207503795624,6.258921985136112e-06,0.08795220404863358,1.8727241335952164e-05
113,0,1.7885900735855103,1.6878055334091187,0.9113468527793884,0.09318336844444275,6.169042535475455e-06,0.09981060028076172,1.8704945313601346e-05
114,0,1.2607862949371338,1.2231616973876953,0.3028489351272583,0.07374197244644165,6.174865575303556e-06,0.07304906100034714,1.868246996820788e-05
115,0,1.5252304077148438,1.50203275680542,0.17810453474521637,0.05317862704396248,5.398254415922565e-06,0.05456312373280525,1.8659815790981296e-05
116,0,0.9269900918006897,0.9026567935943604,0.18073894083499908,0.05621970817446709,5.555312782234978e-06,0.06896461546421051,1.8636983277039583e-05
117,0,1.515776515007019,1.3873419761657715,1.2252527475357056,0.04714229702949524,6.69899463900947e-06,0.07104159146547318,1.8613972925398354e-05
118,0,1.3122878074645996,1.2880680561065674,0.18063843250274658,0.046668440103530884,6.284112714638468e-06,0.07644966244697571,1.8590785238959965e-05
119,0,1.714426040649414,1.6778427362442017,0.2876430153846741,0.07063481956720352,5.9354993027227465e-06,0.08574402332305908,1.8567420724502495e-05
120,0,1.1256954669952393,1.0937790870666504,0.24289408326148987,0.061463017016649246,6.103643045207718e-06,0.09107503294944763,1.8543879892668693e-05
121,0,0.8695651888847351,0.8421173095703125,0.21566027402877808,0.04634036496281624,6.635015324718552e-06,0.07129435986280441,1.8520163257954816e-05
122,0,1.0805002450942993,1.0534694194793701,0.2121162861585617,0.0454854778945446,6.673782536381623e-06,0.07089556753635406,1.849627133869936e-05
123,0,1.4595438241958618,1.4345351457595825,0.1808471828699112,0.06482459604740143,6.450821274484042e-06,0.07365214079618454,1.847220465707177e-05
124,0,1.6976509094238281,1.5940964221954346,0.9136894345283508,0.1204250231385231,6.273793133004801e-06,0.12328289449214935,1.8447963739060986e-05
125,0,1.1691241264343262,1.1343512535095215,0.30036965012550354,0.035107165575027466,6.828655841673026e-06,0.0596088282763958,1.8423549114463985e-05
126,0,1.9788669347763062,1.8754154443740845,0.9125508069992065,0.12017059326171875,6.5171475398528855e-06,0.12375649809837341,1.839896131687418e-05
127,0,1.3787063360214233,1.3717525005340576,,0.060160763561725616,7.120843747543404e-06,0.07891307026147842,1.837420088366976e-05
128,0,1.6653287410736084,1.547075629234314,1.1406054496765137,0.034167833626270294,7.396565706585534e-06,0.04968136176466942,1.834926835600195e-05
129,0,1.4056012630462646,1.3806852102279663,0.18574003875255585,0.06597594916820526,6.113082235970069e-06,0.06086363643407822,1.832416427878319e-05
130,0,1.4829670190811157,1.4591903686523438,0.17678202688694,0.054590582847595215,6.9413508754223585e-06,0.06737460196018219,1.8298889200675206e-05
131,0,1.852964997291565,1.756569504737854,0.8879602551460266,0.06552150100469589,8.288234312203713e-06,0.08646444231271744,1.8273443674077044e-05
132,0,1.3520631790161133,1.3311702013015747,0.1604664921760559,0.04603353515267372,6.6757861532096285e-06,0.0508907288312912,1.8247828255112973e-05
133,0,0.9114174842834473,0.8805950880050659,0.22274665534496307,0.08542832732200623,6.3696038523630705e-06,0.0855245366692543,1.8222043503620346e-05
134,0,0.6661854386329651,0.6305062770843506,0.28067582845687866,0.07622385770082474,6.591028068214655e-06,0.07600557804107666,1.819608998313736e-05
135,0,0.7219048738479614,0.696250855922699,0.1997746229171753,0.042931992560625076,7.224957244034158e-06,0.07059669494628906,1.8169968260890742e-05
136,0,1.5335386991500854,1.4386320114135742,0.896515429019928,0.047005850821733475,7.543439551227493e-06,0.05809193477034569,1.814367890778335e-05
137,0,1.745309829711914,1.7129281759262085,0.254720002412796,0.05845775082707405,8.422099199378863e-06,0.07973123341798782,1.811722249838169e-05
138,0,1.013332724571228,0.973749577999115,0.34235700964927673,0.04525596648454666,7.699015441176016e-06,0.06169052794575691,1.809059961090337e-05
139,0,2.411832332611084,2.3295278549194336,0.7407108545303345,0.08277585357427597,8.588909622631036e-06,0.08188597112894058,1.806381082720445e-05
140,0,1.063302755355835,1.0380691289901733,0.15986207127571106,0.08024074882268906,6.65730885884841e-06,0.10470609366893768,1.803685673276674e-05
141,0,1.702143907546997,1.6605660915374756,0.3480490446090698,0.05430268868803978,6.333774308586726e-06,0.0811518058180809,1.8009737916684984e-05
142,0,1.4076979160308838,1.37890625,0.1876591295003891,0.10215342044830322,6.5057006395363715e-06,0.09835890680551529,1.7982454971654018e-05
143,0,1.1233340501785278,0.9699987769126892,1.4841779470443726,0.038869164884090424,8.46317288960563e-06,0.059478696435689926,1.7955008493955776e-05
144,0,0.9329279065132141,0.7761679887771606,1.5035676956176758,0.05451476573944092,8.200147931347601e-06,0.07354526221752167,1.7927399083446285e-05
145,0,1.9323159456253052,1.8257819414138794,0.9674159288406372,0.09443634748458862,7.86806867836276e-06,0.10141032934188843,1.7899627343542548e-05
146,0,1.1347148418426514,1.1097131967544556,0.18741720914840698,0.05435686558485031,7.718263987044338e-06,0.07083867490291595,1.787169388120935e-05
147,0,1.1992756128311157,1.1533610820770264,0.42480790615081787,0.02922166883945465,8.90307728695916e-06,0.03945046290755272,1.7843599306946004e-05
148,0,1.6455014944076538,1.564278244972229,0.7275166511535645,0.07901973277330399,8.784548299445305e-06,0.09041149169206619,1.7815344234773002e-05
149,0,0.7854272723197937,0.7485343217849731,0.3020855784416199,0.06073034554719925,8.383108252019156e-06,0.07295334339141846,1.7786929282218588e-05
150,0,1.0908844470977783,1.0201220512390137,0.6707453727722168,0.02009083703160286,9.065390258911066e-06,0.053659699857234955,1.7758355070305276e-05
151,0,1.6486951112747192,1.5696425437927246,0.7117784023284912,0.06931457668542862,1.0408999514766037e-05,0.08817525953054428,1.7729622223536268e-05
152,0,1.1839008331298828,1.1630905866622925,0.15471318364143372,0.05099998787045479,7.4805107033171225e-06,0.055775292217731476,1.7700731369881808e-05
153,0,1.7008235454559326,1.6436775922775269,0.5340654253959656,0.03850441053509712,1.0040066626970656e-05,0.03627798333764076,1.7671683140765457e-05
154,0,1.007267713546753,0.9401599168777466,0.6353110671043396,0.018440084531903267,9.585965926817153e-06,0.05308752879500389,1.764247817105029e-05
155,0,0.9088044166564941,0.8833879232406616,0.17965012788772583,0.0671711340546608,6.858758297312306e-06,0.08185641467571259,1.7613117099025025e-05
156,0,0.6648258566856384,0.6341333389282227,0.19924692809581757,0.09893760830163956,8.261958100774791e-06,0.11641482263803482,1.7583600566390077e-05
157,0,1.7329264879226685,1.6787258386611938,0.46858179569244385,0.06232796609401703,9.481362212682143e-06,0.08451705425977707,1.7553929218243518e-05
158,0,1.6978739500045776,1.6605371236801147,0.2949947118759155,0.07021625339984894,9.85413498710841e-06,0.08652795106172562,1.7524103703066994e-05
159,0,0.9036654829978943,0.7973026633262634,0.9949040412902832,0.06061870604753494,1.1796834769484121e-05,0.07682426273822784,1.7494124672711545e-05
160,0,1.0733734369277954,1.019568920135498,0.46227383613586426,0.06845462322235107,1.0082619155582506e-05,0.08308464288711548,1.7463992782383356e-05
161,0,1.0581809282302856,1.0235401391983032,0.2687274217605591,0.0698905661702156,8.660790626890957e-06,0.08546920865774155,1.7433708690629446e-05
162,0,1.0816354751586914,1.0180768966674805,0.5588703155517578,0.08313560485839844,1.1872132745338604e-05,0.07028943300247192,1.7403273059323266e-05
163,0,0.776200532913208,0.7378002405166626,0.30496683716773987,0.07515877485275269,9.96504877548432e-06,0.08291039615869522,1.7372686553650237e-05
164,0,1.193416714668274,1.169034719467163,0.1963813751935959,0.03900625556707382,1.1042065125366207e-05,0.05586662143468857,1.7341949842093212e-05
165,0,1.204976201057434,1.1380568742752075,0.6198379397392273,0.041400205343961716,1.1380325304344296e-05,0.057303667068481445,1.731106359641787e-05
166,0,1.635441780090332,1.6070936918258667,0.174844428896904,0.10758468508720398,8.726591659069527e-06,0.10968686640262604,1.728002849165802e-05
167,0,1.4435697793960571,1.415300965309143,0.12509644031524658,0.17021524906158447,8.285948752018157e-06,0.14496563374996185,1.7248845206100883e-05
168,0,1.4730321168899536,1.4401075839996338,0.271237850189209,0.050476476550102234,1.1215762242500205e-05,0.06553403288125992,1.721751442127221e-05
169,0,1.2320071458816528,1.1304408311843872,0.9686233997344971,0.04126173257827759,1.2402238098729867e-05,0.0528138242661953,1.7186036821921442e-05
170,0,1.395944595336914,1.359305739402771,0.2998886704444885,0.05995336174964905,9.364539437228814e-06,0.0730413943529129,1.7154413096006714e-05
171,0,1.1866326332092285,1.1700595617294312,0.10544724762439728,0.05367894843220711,9.153246537607629e-06,0.06688232719898224,1.7122643934679833e-05
172,0,1.0593160390853882,1.0331900119781494,0.16682322323322296,0.09495329111814499,1.0011617632699199e-05,0.09391891211271286,1.7090730032271157e-05
173,0,0.5378243923187256,0.514340877532959,0.16666410863399506,0.06208301708102226,9.967174264602363e-06,0.07425520569086075,1.705867208627444e-05
174,0,0.7404534816741943,0.7188820242881775,0.1606486439704895,0.04247826337814331,1.018725561152678e-05,0.06765005737543106,1.7026470797331576e-05
175,0,1.4791277647018433,1.4630157947540283,0.10369180142879486,0.04873332381248474,9.464866707276087e-06,0.06611745804548264,1.6994126869217287e-05
176,0,1.6720433235168457,1.6467140913009644,0.16919955611228943,0.0827147364616394,7.584819741168758e-06,0.08546821773052216,1.6961641008823745e-05
177,0,0.8885818123817444,0.8692781925201416,0.09718750417232513,0.08730437606573105,8.972425348474644e-06,0.10438916087150574,1.6929013926145115e-05
178,0,1.5461711883544922,1.4817579984664917,0.5552462339401245,0.09396294504404068,1.3567287169280462e-05,0.08380325883626938,1.6896246334262052e-05
179,0,0.9478171467781067,0.9070290923118591,0.37496569752693176,0.02903936430811882,1.2186671483505052e-05,0.03678613156080246,1.68633389493261e-05
180,0,1.6557228565216064,1.4965487718582153,1.5459752082824707,0.03460041806101799,1.2249132851138711e-05,0.05692724511027336,1.683029249054405e-05
181,0,2.2853665351867676,2.2064208984375,0.7195919156074524,0.05851791799068451,1.031226111081196e-05,0.08120617270469666,1.679710768016222e-05
182,0,1.9153999090194702,1.8105007410049438,0.9660670161247253,0.08205636590719223,1.2743506886181422e-05,0.08378853648900986,1.676378524345067e-05
183,0,1.3724291324615479,1.364593505859375,,0.072606660425663,1.1740531590476166e-05,0.08410139381885529,1.6730325908687344e-05
184,0,1.4261802434921265,1.413872241973877,0.08694300055503845,0.02992367558181286,9.607681931811385e-06,0.04234440624713898,1.6696730407142166e-05
185,0,1.1777942180633545,1.132326364517212,0.3903791904449463,0.05353022366762161,1.0887413736782037e-05,0.07506276667118073,1.6662999473061047e-05
186,0,1.6641230583190918,1.6382114887237549,0.1629851758480072,0.09838788211345673,9.665597644925583e-06,0.09386731684207916,1.6629133843649847e-05
187,0,0.6717621088027954,0.6500867009162903,0.12178173661231995,0.08928533643484116,1.126431470765965e-05,0.10065452754497528,1.6595134259058247e-05
188,0,0.939640462398529,0.9266016483306885,0.07713248580694199,0.05576217919588089,1.0031199963123072e-05,0.05074474215507507,1.6561001462363596e-05
189,0,0.8579440712928772,0.8354705572128296,0.15957827866077423,0.06152777373790741,1.2818569302908145e-05,0.06878137588500977,1.6526736199554644e-05
190,0,0.9389979839324951,0.9128785133361816,0.18752355873584747,0.06803947687149048,1.3732954357692506e-05,0.07929682731628418,1.6492339219515268e-05
191,0,1.6530035734176636,1.5600080490112305,0.8594683408737183,0.07287508249282837,1.60631570906844e-05,0.06809244304895401,1.645781127400807e-05
192,0,0.9452568292617798,0.9106650948524475,0.2920086085796356,0.05035649612545967,1.441673612134764e-05,0.05745546519756317,1.6423153117657983e-05
193,0,0.6740488409996033,0.654743492603302,0.09582613408565521,0.09664274752140045,9.879145181912463e-06,0.09780773520469666,1.638836550793575e-05
194,0,1.4473835229873657,1.3945002555847168,0.47921037673950195,0.044881194829940796,1.5154406355577521e-05,0.05435510352253914,1.6353449205141384e-05
195,0,1.9078861474990845,1.8875291347503662,0.10749418288469315,0.0971858948469162,1.0419816135254223e-05,0.09496070444583893,1.6318404972387542e-05
196,0,1.0923298597335815,1.0759207010269165,0.09762030094861984,0.06276366114616394,1.2707346286333632e-05,0.07017292082309723,1.6283233575582863e-05
197,0,1.1541255712509155,1.1342315673828125,0.13114535808563232,0.06208556517958641,1.3757262422586791e-05,0.07349774241447449,1.6247935783415206e-05
198,0,1.062591314315796,0.888817310333252,1.6734192371368408,0.051409363746643066,1.786820575944148e-05,0.07722308486700058,1.621251236733487e-05
199,0,1.1438647508621216,1.117730975151062,0.18765507638454437,0.0662204846739769,1.1427347089920659e-05,0.0811413899064064,1.617696410153772e-05
200,0,1.721336007118225,1.6922168731689453,0.20483960211277008,0.08695761114358902,1.520599198556738e-05,0.08573844283819199,1.6141291762948277e-05
201,0,1.4071383476257324,1.3820840120315552,0.18770438432693481,0.050396475940942764,1.770209928508848e-05,0.07527324557304382,1.610549613120273e-05
202,0,1.258421778678894,1.2533743381500244,,0.0439440943300724,2.160030635423027e-05,0.056997187435626984,1.60695779886319e-05
203,0,1.0254631042480469,1.0045688152313232,0.1569945365190506,0.045815609395504,1.3227069757704157e-05,0.05807746574282646,1.6033538120244132e-05
204,0,1.0382333993911743,1.0317847728729248,,0.06061536818742752,2.0199446225888096e-05,0.0683504268527031,1.5997377313708167e-05
205,0,1.3355422019958496,1.3016468286514282,0.23440232872962952,0.11112481355667114,1.5623529179720208e-05,0.09797133505344391,1.5961096359335894e-05
206,0,1.418931007385254,1.401381015777588,0.10967656224966049,0.056565698236227036,1.7616390323382802e-05,0.07507659494876862,1.5924696050065088e-05
207,0,0.9021971225738525,0.8837320804595947,0.12997928261756897,0.043047476559877396,2.2004016500432044e-05,0.06628629565238953,1.5888177181442096e-05
208,0,1.421463131904602,1.3754935264587402,0.3781258165836334,0.07184195518493652,2.3448372303391807e-05,0.09128843992948532,1.585154055160442e-05
209,0,1.511802077293396,1.371301293373108,1.3600757122039795,0.034811049699783325,2.279644104419276e-05,0.05504453182220459,1.581478696126331e-05
210,0,0.8351123332977295,0.8179832100868225,0.08453620970249176,0.07370712608098984,1.5599283869960345e-05,0.0997977927327156,1.577791721368623e-05
211,0,1.590732455253601,1.5343317985534668,0.5035052299499512,0.04743194207549095,1.850170156103559e-05,0.07356373220682144,1.574093211467932e-05
212,0,0.5619683265686035,0.5255746245384216,0.32330429553985596,0.031024042516946793,2.5377989004482515e-05,0.05022972822189331,1.5703832472569782e-05
213,0,0.9385597109794617,0.9200251698493958,0.10076429694890976,0.08659669011831284,1.9878556486219168e-05,0.08255676925182343,1.5666619098188217e-05
214,0,1.443984866142273,1.411372184753418,0.2600213289260864,0.06085453927516937,2.260196561110206e-05,0.07134564965963364,1.562929280485089e-05
215,0,1.2670273780822754,1.2545980215072632,0.07749418169260025,0.0401206910610199,1.6462287021568045e-05,0.05347084999084473,1.5591854408341973e-05
216,0,1.7949507236480713,1.7768274545669556,0.13855884969234467,0.037805669009685516,2.388900247751735e-05,0.0475301556289196,1.55543047268957e-05
217,0,1.3306177854537964,1.3197842836380005,0.07354797422885895,0.030114326626062393,1.599971074028872e-05,0.03945152834057808,1.5516644581178497e-05
218,0,1.4587321281433105,1.4422762393951416,0.1012929379940033,0.05299099534749985,2.0688547010649927e-05,0.07353276014328003,1.5478874794271042e-05
219,0,0.7892462015151978,0.7742936611175537,0.08732093870639801,0.06430545449256897,1.994819103856571e-05,0.060095738619565964,1.544099619165026e-05
220,0,1.578609824180603,1.5656323432922363,0.05677323415875435,0.08155149221420288,1.5510760931647383e-05,0.06444349884986877,1.5403009601171313e-05
221,0,1.064234733581543,1.0464179515838623,0.08732443302869797,0.08323270827531815,1.6860589312273078e-05,0.09844793379306793,1.5364915853049484e-05
222,0,1.0471547842025757,1.0189368724822998,0.22566789388656616,0.04745471104979515,1.9295921447337605e-05,0.06556055694818497,1.532671577984203e-05
223,0,1.859873652458191,1.832140326499939,0.20455332100391388,0.06330503523349762,1.661018904997036e-05,0.08224765211343765,1.5288410216430005e-05
224,0,1.9076902866363525,1.8632858991622925,0.3585696518421173,0.08422109484672546,3.2934436603682116e-05,0.08671285957098007,1.5249999999999998e-05
225,1,1.4436826705932617,1.407195806503296,0.2968248724937439,0.06597460806369781,3.075368658755906e-05,0.0700998455286026,1.5211485970025844e-05
226,1,1.8037645816802979,1.6966862678527832,1.0139259099960327,0.052294667810201645,2.6047493520309217e-05,0.06140970438718796,1.5172868968250261e-05
227,1,0.5359734892845154,0.5113257765769958,0.17782077193260193,0.05774033069610596,2.5713141440064646e-05,0.07956201583147049,1.5134149838666478e-05
228,1,1.242586374282837,1.2277268171310425,0.08305877447128296,0.055605825036764145,2.2522866856888868e-05,0.07545716315507889,1.5095329427499775e-05
229,1,0.8078800439834595,0.7911680340766907,0.07509349286556244,0.07997343689203262,1.710354263195768e-05,0.10407227277755737,1.5056408583188985e-05
230,1,0.7674917578697205,0.749140202999115,0.10804613679647446,0.0678393617272377,2.435501664876938e-05,0.08308982849121094,1.501738815636796e-05
231,1,1.523498296737671,1.4556037187576294,0.5874843597412109,0.08751694113016129,3.198500053258613e-05,0.09539441764354706,1.4978268999846974e-05
232,1,1.4832522869110107,1.4304734468460083,0.47961926460266113,0.04012727737426758,3.0190580218913965e-05,0.05619841814041138,1.4939051968594088e-05
233,1,1.4434666633605957,1.428694486618042,0.053746458142995834,0.10129419714212418,1.424095989932539e-05,0.08664996922016144,1.4899737919716455e-05
234,1,1.9188560247421265,1.901049017906189,0.08725494891405106,0.08657769113779068,1.6263236830127425e-05,0.0950457826256752,1.4860327712441605e-05
235,1,1.5835069417953491,1.5521481037139893,0.2720652222633362,0.030555658042430878,2.0245808627805673e-05,0.05248282477259636,1.4820822208098655e-05
236,1,0.9295091032981873,0.9097000956535339,0.10025769472122192,0.09295765310525894,2.261693043692503e-05,0.10269592702388763,1.4781222270099478e-05
237,1,0.9492212533950806,0.9221081733703613,0.2087567150592804,0.051902543753385544,3.1619663786841556e-05,0.07283244282007217,1.4741528763919846e-05
238,1,1.1423110961914062,1.112029790878296,0.24411121010780334,0.05452432483434677,2.998985473823268e-05,0.06286787241697311,1.470174255708051e-05
239,1,0.5869551301002502,0.5715927481651306,0.08793337643146515,0.059251006692647934,2.7401218176237307e-05,0.07211963832378387,1.4661864519128234e-05
240,1,0.8179455399513245,0.8047052621841431,0.07290183752775192,0.0587124340236187,2.5091319912462495e-05,0.060279421508312225,1.4621895521616798e-05
241,1,1.5787564516067505,1.472591757774353,0.9888857007026672,0.07274439930915833,3.235971962567419e-05,0.0727667585015297,1.458183643808795e-05
242,1,1.3428120613098145,1.2961924076080322,0.4184867739677429,0.03356139361858368,4.195922156213783e-05,0.06184187904000282,1.4541688144052304e-05
243,1,1.077736496925354,1.0582959651947021,0.15018384158611298,0.03787483274936676,3.325312354718335e-05,0.05055452510714531,1.450145151697022e-05
244,1,1.0289504528045654,1.0025705099105835,0.18741127848625183,0.07061596214771271,5.807190973428078e-05,0.08213695883750916,1.4461127436232612e-05
245,1,1.0752720832824707,1.0566186904907227,0.11109208315610886,0.06949802488088608,3.228812784072943e-05,0.08137127012014389,1.4420716783141746e-05
246,1,1.4279744625091553,1.380645990371704,0.400068998336792,0.07727579027414322,4.789894592249766e-05,0.06913548707962036,1.4380220440891962e-05
247,1,0.5595144629478455,0.5480131506919861,0.05730718374252319,0.05767865106463432,2.412070898571983e-05,0.057725127786397934,1.4339639294550374e-05
248,1,1.3864740133285522,1.371328592300415,0.05651268735527992,0.10340721160173416,1.8009332052315585e-05,0.08646896481513977,1.4298974231037537e-05
249,1,1.060403823852539,1.0002351999282837,0.5389348268508911,0.06839243322610855,4.2599196603987366e-05,0.05709338188171387,1.4258226139108056e-05
250,1,1.628153681755066,1.6067856550216675,0.17709584534168243,0.032612189650535583,3.0194038117770106e-05,0.04054190590977669,1.4217395909331162e-05
251,1,1.1590089797973633,1.1332614421844482,0.17837753891944885,0.08111020177602768,4.346533023635857e-05,0.07706812769174576,1.4176484434071241e-05
252,1,0.8458730578422546,0.801949143409729,0.3490311801433563,0.08602488040924072,4.957901546731591e-05,0.09437067061662674,1.413549260746835e-05
253,1,1.4201622009277344,1.4096636772155762,0.06327524036169052,0.039723459631204605,2.725308877415955e-05,0.04368561506271362,1.4094421325418656e-05
254,1,0.8615140914916992,0.838748574256897,0.15245303511619568,0.06518985331058502,4.500509749050252e-05,0.08519679307937622,1.4053271485554865e-05
255,1,1.5784683227539062,1.5545732975006104,0.17238718271255493,0.05659596621990204,6.184734957059845e-05,0.07650619745254517,1.4012043987226599e-05
256,1,1.017613410949707,0.9236586689949036,0.8919068574905396,0.03590301424264908,3.765973087865859e-05,0.05936355143785477,1.397073973148075e-05
257,1,1.520713448524475,1.5056676864624023,0.07455269247293472,0.07142672687768936,2.816832966345828e-05,0.08037004619836807,1.3929359621041774e-05
258,1,0.5909133553504944,0.5135050415992737,0.7212097644805908,0.04927731305360794,4.84135998704005e-05,0.05645095556974411,1.3887904560291971e-05
259,1,1.4784237146377563,1.472641110420227,,0.050993941724300385,3.783992360695265e-05,0.06464394927024841,1.3846375455251717e-05
260,1,0.9146096110343933,0.8982897996902466,0.07238180190324783,0.08618757873773575,2.2179650841280818e-05,0.09543657302856445,1.3804773213559657e-05
261,1,1.4020097255706787,1.3621070384979248,0.3098936080932617,0.0839763730764389,5.443446571007371e-05,0.09426936507225037,1.376309874445288e-05
262,1,0.8976002335548401,0.87684565782547,0.1409698724746704,0.060067445039749146,3.075435961363837e-05,0.07307250797748566,1.3721352958747033e-05
263,1,1.5730260610580444,1.5579414367675781,0.07093147933483124,0.07621297985315323,3.296256181783974e-05,0.08360250294208527,1.3679536768816428e-05
264,1,0.8904010653495789,0.8803673982620239,0.058744676411151886,0.03944333270192146,2.9559376343968324e-05,0.043729014694690704,1.3637651088574089e-05
265,1,1.6066491603851318,1.5735331773757935,0.2793200612068176,0.03609210252761841,5.645640703733079e-05,0.06756644695997238,1.3595696833451789e-05
266,1,2.159050703048706,2.0756518840789795,0.7717002034187317,0.054239723831415176,5.410003359429538e-05,0.07031186670064926,1.3553674920380037e-05
267,1,0.9365214705467224,0.9201918244361877,0.08144816756248474,0.08208060264587402,3.7364654417615384e-05,0.081601083278656,1.351158626776804e-05
268,1,0.9908972382545471,0.9848255515098572,,0.055000316351652145,5.333274748409167e-05,0.0664111077785492,1.3469431795483625e-05
269,1,1.6736608743667603,1.6527551412582397,0.1280674785375595,0.07727814465761185,6.81125238770619e-05,0.08467356115579605,1.3427212424833146e-05
270,1,1.0196441411972046,1.0077643394470215,0.05210601165890694,0.0689663290977478,2.6528001399128698e-05,0.06440532952547073,1.338492907854134e-05
271,1,1.1865543127059937,1.1258108615875244,0.5612442493438721,0.04335943982005119,4.716108742286451e-05,0.049001868814229965,1.3342582680731165e-05
272,1,1.8428192138671875,1.8289318084716797,0.06035497412085533,0.07450906187295914,3.25235741911456e-05,0.08251961320638657,1.330017415690359e-05
273,1,1.6411056518554688,1.5534924268722534,0.8149936199188232,0.05288156867027283,5.3576641221297905e-05,0.06937535107135773,1.3257704433917392e-05
274,1,1.1212362051010132,1.11211359500885,0.0489773154258728,0.04310159012675285,2.7528709324542433e-05,0.04138491675257683,1.3215174439968878e-05
275,1,1.1572524309158325,1.1320130825042725,0.1938028484582901,0.04634661227464676,4.2581395973684266e-05,0.07081741094589233,1.3172585104571607e-05
276,1,1.7547460794448853,1.7321054935455322,0.16825951635837555,0.05904353782534599,6.602466601179913e-05,0.05722389742732048,1.3129937358536069e-05
277,1,1.5204322338104248,1.4549154043197632,0.5940837264060974,0.05043713375926018,3.1118255719775334e-05,0.07171802222728729,1.3087232133949358e-05
278,1,1.276637077331543,1.2324566841125488,0.3888756334781647,0.04974299296736717,3.8181504351086915e-05,0.056098029017448425,1.304447036415478e-05
279,1,1.7103592157363892,1.686690330505371,0.15395383536815643,0.08692029863595963,6.85297854943201e-05,0.07852247357368469,1.3001652983731468e-05
280,1,1.4082362651824951,1.388560175895691,0.1350788027048111,0.05688959360122681,6.651056901318952e-05,0.06644994765520096,1.2958780928473948e-05
281,1,0.33722981810569763,0.324057936668396,0.06768476963043213,0.05806898698210716,3.938491499866359e-05,0.06998343020677567,1.2915855135371696e-05
282,1,1.499461054801941,1.4557558298110962,0.35113534331321716,0.07875426113605499,6.34737079963088e-05,0.09305185824632645,1.2872876542588655e-05
283,1,1.6771832704544067,1.6251403093338013,0.4540085196495056,0.0686354786157608,6.0466776631074026e-05,0.06418240815401077,1.2829846089442723e-05
284,1,1.3230417966842651,1.0779746770858765,2.394038677215576,0.051790278404951096,4.755420741275884e-05,0.061456963419914246,1.2786764716385243e-05
285,1,1.1224020719528198,1.1052442789077759,0.12639640271663666,0.04424160718917847,3.5415585443843156e-05,0.046107083559036255,1.2743633364980427e-05
286,1,0.7645248174667358,0.7415019869804382,0.18163004517555237,0.040829647332429886,6.240462971618399e-05,0.05634239315986633,1.270045297788479e-05
287,1,0.7613093256950378,0.7069962024688721,0.48126405477523804,0.05188029631972313,3.1805400794837624e-05,0.07184192538261414,1.2657224498826548e-05
288,1,1.2963933944702148,1.2775623798370361,0.112910196185112,0.06856725364923477,3.042644493689295e-05,0.08222148567438126,1.2613948872584988e-05
289,1,0.8028925061225891,0.7825629115104675,0.0725177451968193,0.13180120289325714,2.559754648245871e-05,0.12974324822425842,1.2570627044969828e-05
290,1,1.0869654417037964,1.0367474555969238,0.4411863684654236,0.0504506416618824,3.0709721613675356e-05,0.07152295112609863,1.2527259962800527e-05
291,1,0.8085341453552246,0.801022469997406,0.041979771107435226,0.02468961849808693,3.5302356991451234e-05,0.041570525616407394,1.2483848573885617e-05
292,1,1.1059033870697021,1.0995960235595703,,0.057443767786026,5.3038053010823205e-05,0.0686807855963707,1.2440393827001968e-05
293,1,1.0129029750823975,0.9893847107887268,0.16743434965610504,0.056410741060972214,9.432301885681227e-05,0.07904757559299469,1.2396896671874058e-05
294,1,1.5249714851379395,1.5124014616012573,0.048796817660331726,0.07235671579837799,2.4814366042846814e-05,0.08143801987171173,1.2353358059153221e-05
295,1,1.0302456617355347,1.0134127140045166,0.040275122970342636,0.1250123232603073,3.90065906685777e-05,0.13108113408088684,1.230977894039687e-05
296,1,0.7417875528335571,0.7297846078872681,0.03596831485629082,0.0735955759882927,2.2644988348474726e-05,0.09451691061258316,1.2266160268047691e-05
297,1,0.34657493233680725,0.3370295763015747,0.037062495946884155,0.05832507461309433,3.480300438241102e-05,0.058443374931812286,1.2222502995412834e-05
298,1,1.3790134191513062,1.3662307262420654,0.03541352599859238,0.0875583365559578,3.103245035163127e-05,0.09725584834814072,1.2178808076643083e-05
299,1,1.7780190706253052,1.7515572309494019,0.1907132863998413,0.06550067663192749,8.265609358204529e-05,0.08227558434009552,1.2135076466711984e-05
300,1,1.3015180826187134,1.2832202911376953,0.09582418948411942,0.08425873517990112,5.47505660506431e-05,0.09002646803855896,1.2091309121394999e-05
301,1,0.804501473903656,0.7980808615684509,0.03223046660423279,0.031481027603149414,2.7971947929472663e-05,0.03245914727449417,1.2047506997248598e-05
302,1,1.6392568349838257,1.5773499011993408,0.540246844291687,0.08045002073049545,7.157368963817134e-05,0.07716710865497589,1.2003671051589357e-05
303,1,1.390230655670166,1.1187853813171387,2.6580798625946045,0.05119480565190315,5.010319728171453e-05,0.06153078004717827,1.1959802242473041e-05
304,1,1.1443156003952026,1.134996771812439,0.06351355463266373,0.027225295081734657,3.6736473703058437e-05,0.032110098749399185,1.1915901528673662e-05
305,1,1.0044023990631104,0.9945847392082214,0.03900068998336792,0.05575157329440117,2.889045026677195e-05,0.06258990615606308,1.1871969869662524e-05
306,1,1.3206108808517456,1.2947643995285034,0.20011311769485474,0.04168375954031944,9.622170182410628e-05,0.07498349249362946,1.182800822558725e-05
307,1,1.3490911722183228,1.3423292636871338,0.027996143326163292,0.03211528807878494,3.562369602150284e-05,0.047116801142692566,1.1784017557250805e-05
308,1,1.3110328912734985,1.2981418371200562,0.05839255452156067,0.06514065712690353,4.901567444903776e-05,0.07587756216526031,1.1739998826090495e-05
309,1,1.3580745458602905,1.3525069952011108,,0.04781812056899071,6.725922867190093e-05,0.06350721418857574,1.1695952994156946e-05
310,1,1.4288575649261475,1.4211652278900146,0.034136563539505005,0.03746588155627251,3.3920008718268946e-05,0.04809398204088211,1.1651881024093087e-05
311,1,1.6819764375686646,1.6678372621536255,0.030165746808052063,0.10054031759500504,3.305695281596854e-05,0.12189643085002899,1.1607783879113117e-05
312,1,1.0944002866744995,1.0701916217803955,0.17643383145332336,0.05947844684123993,8.942741987993941e-05,0.07179189473390579,1.156366252298143e-05
313,1,0.7233506441116333,0.7136885523796082,0.03277929499745369,0.06339143961668015,4.27220766141545e-05,0.06427354365587234,1.1519517919991578e-05
314,1,1.829390525817871,1.8095920085906982,0.15881690382957458,0.028803255409002304,8.7386230006814e-05,0.049499064683914185,1.1475351034945177e-05
315,1,1.6385506391525269,1.5073556900024414,1.2263020277023315,0.09465746581554413,6.636352190980688e-05,0.07661089301109314,1.143116283313083e-05
316,1,0.8754910826683044,0.8628627061843872,0.03162001073360443,0.09154640883207321,2.9204516977188177e-05,0.0977686420083046,1.1386954280303035e-05
317,1,0.7471899390220642,0.7366153001785278,0.04144878312945366,0.05523502454161644,4.71456914965529e-05,0.07334120571613312,1.1342726342661065e-05
318,1,0.8516548871994019,0.8383099436759949,0.07197444140911102,0.06891036033630371,3.4751647035591304e-05,0.054025404155254364,1.1298479986827856e-05
319,1,1.1484931707382202,1.1358833312988281,0.031931232661008835,0.08810639381408691,3.557264790288173e-05,0.10021526366472244,1.1254216179828886e-05
320,1,0.6704414486885071,0.6591087579727173,0.0695333182811737,0.03463779389858246,4.778772927238606e-05,0.05292974039912224,1.1209935889071035e-05
321,1,0.8595771789550781,0.8485537171363831,0.06161337345838547,0.04152597859501839,4.54836044809781e-05,0.05569763854146004,1.1165640082321445e-05
322,1,0.874508798122406,0.8626415133476257,0.049257196485996246,0.060927290469408035,2.757200854830444e-05,0.07789254188537598,1.1121329727686363e-05
323,1,0.9545146822929382,0.9431954026222229,0.046048637479543686,0.06250262260437012,4.8629317461745813e-05,0.07176665216684341,1.1077005793589994e-05
324,1,1.3766824007034302,1.2813512086868286,0.8909886479377747,0.04757208749651909,3.2188214390771464e-05,0.07706508040428162,1.1032669248753326e-05
325,1,1.388782262802124,1.3722941875457764,0.10250035673379898,0.0517694428563118,4.1721505112946033e-05,0.07297301292419434,1.0988321062172957e-05
326,1,0.6672675013542175,0.6577968001365662,0.03621944040060043,0.05882582068443298,4.384760177345015e-05,0.058130811899900436,1.0943962203099925e-05
327,1,1.1121561527252197,0.8646420836448669,2.4146833419799805,0.053939782083034515,6.124003266450018e-05,0.06694959104061127,1.089959364101852e-05
328,1,1.018227219581604,0.9778854846954346,0.37267228960990906,0.028035815805196762,6.348321767291054e-05,0.033429693430662155,1.0855216345625099e-05
329,1,1.3235673904418945,1.3142415285110474,0.04862593859434128,0.044567208737134933,4.040707790409215e-05,0.044681813567876816,1.0810831286806879e-05
330,1,1.6112781763076782,1.6041356325149536,0.029103128239512444,0.03950913995504379,3.935874337912537e-05,0.04512185975909233,1.0766439434620761e-05
331,1,0.34893274307250977,0.3286227583885193,0.03009229712188244,0.18643778562545776,3.313029810669832e-05,0.15956391394138336,1.0722041759272113e-05
332,1,0.8739423751831055,0.8680046796798706,,0.051571618765592575,5.313822839525528e-05,0.06716102361679077,1.0677639231093574e-05
333,1,1.7666774988174438,1.7403708696365356,0.20612087845802307,0.05572587996721268,0.00011125038872705773,0.05811971053481102,1.0633232820523848e-05
334,1,1.3228349685668945,1.3086315393447876,0.05221882462501526,0.08727484941482544,2.9791444831062108e-05,0.09234380722045898,1.0588823498086478e-05
335,1,1.5057874917984009,1.4893239736557007,0.11368029564619064,0.04728733375668526,4.361428364063613e-05,0.054604947566986084,1.0544412234368656e-05
336,1,1.3242980241775513,1.2742677927017212,0.45839837193489075,0.029677459970116615,0.00011868353612953797,0.05408326908946037,1.0500000000000005e-05
337,1,1.043692946434021,1.0378069877624512,,0.04719549044966698,4.279717177269049e-05,0.07050760090351105,1.0455587765631353e-05
338,1,0.7591568827629089,0.7519037127494812,0.020080257207155228,0.05721490830183029,3.934397318516858e-05,0.04767284169793129,1.041117650191353e-05
339,1,1.4188079833984375,1.1028416156768799,3.0966947078704834,0.058701273053884506,6.75007322570309e-05,0.06721130758523941,1.0366767179476163e-05
340,1,1.1103547811508179,1.0938711166381836,0.12457697838544846,0.02977767400443554,4.6428704081336036e-05,0.05072001740336418,1.0322360768906433e-05
341,1,0.5720489025115967,0.5620566010475159,0.05039622262120247,0.04033123329281807,5.280701952870004e-05,0.05870130658149719,1.02779582407279e-05
342,1,1.1867042779922485,1.1677078008651733,0.11000318825244904,0.07850930094718933,0.00012070113734807819,0.08136633783578873,1.0233560565379251e-05
343,1,1.0036771297454834,0.9914611577987671,0.03656451404094696,0.07831045240163803,3.445466063567437e-05,0.09286615997552872,1.018916871319313e-05
344,1,0.7807821035385132,0.77232825756073,0.05645827203989029,0.025537751615047455,4.8607464123051614e-05,0.03060358762741089,1.0144783654374912e-05
345,1,1.5243338346481323,1.5137418508529663,0.06389553099870682,0.039901282638311386,4.6121571358526126e-05,0.04412855952978134,1.0100406358981486e-05
346,1,0.8668683171272278,0.844071626663208,0.19888253509998322,0.02160695567727089,7.117739733075723e-05,0.036533329635858536,1.0056037796900084e-05
347,1,1.3826024532318115,1.3690197467803955,0.052451759576797485,0.07607820630073547,3.440252839936875e-05,0.09065557271242142,1.001167893782705e-05
348,1,0.9798431992530823,0.9717767238616943,0.01867872104048729,0.06565290689468384,4.212352723698132e-05,0.05830199271440506,9.967330751246683e-06
349,1,1.0845823287963867,1.0055330991744995,0.7137426733970642,0.0771431103348732,0.00013817241415381432,0.07630196213722229,9.922994206410013e-06
350,1,1.8007941246032715,1.7852731943130493,0.11938424408435822,0.03621046990156174,5.098332621855661e-05,0.035416387021541595,9.878670272313646e-06
351,1,1.0771039724349976,1.0587520599365234,0.09459046274423599,0.08708049356937408,9.771782060852274e-05,0.0907408595085144,9.834359917678564e-06
352,1,0.4857718348503113,0.4412401020526886,0.39235278964042664,0.04637525603175163,5.830367808812298e-05,0.05953062325716019,9.790064110928978e-06
353,1,0.7194885015487671,0.7058519124984741,0.06733065098524094,0.07069581747055054,6.906221096869558e-05,0.0673476830124855,9.745783820171124e-06
354,1,1.1946731805801392,1.147063970565796,0.44624900817871094,0.0204642154276371,9.355959628010169e-05,0.03918303921818733,9.701520013172153e-06
355,1,0.8497267961502075,0.8286046385765076,0.14542138576507568,0.052080005407333374,4.461525895749219e-05,0.07950134575366974,9.657273657338947e-06
356,1,1.0822811126708984,1.0470504760742188,0.25532275438308716,0.09996513277292252,3.887656203005463e-05,0.09398586302995682,9.613045719696976e-06
357,1,1.2944791316986084,1.2805349826812744,0.06539037078619003,0.06573602557182312,3.380815905984491e-05,0.08235113322734833,9.568837166869184e-06
358,1,1.212856650352478,1.1909852027893066,0.11648275703191757,0.10849025100469589,5.6941451475722715e-05,0.09595029056072235,9.524648965054838e-06
359,1,0.7250503301620483,0.7147714495658875,0.053686581552028656,0.046032488346099854,7.512824231525883e-05,0.052142541855573654,9.48048208000844e-06
360,1,1.315094232559204,1.2905088663101196,0.186920627951622,0.05629877746105194,9.934933041222394e-05,0.06152912974357605,9.436337477018584e-06
361,1,1.715013861656189,1.7036075592041016,0.02847488783299923,0.0844622403383255,7.212598575279117e-05,0.08668676763772964,9.392216120886897e-06
362,1,1.3812040090560913,1.3761248588562012,,0.03403083235025406,4.4760105083696544e-05,0.0675315111875534,9.348118975906925e-06
363,1,1.8017001152038574,1.7964738607406616,0.031389910727739334,0.016355471685528755,5.693392813554965e-05,0.025365887209773064,9.304047005843067e-06
364,1,1.273102045059204,1.2624077796936035,0.03711935505270958,0.06842775642871857,6.428331835195422e-05,0.07119233906269073,9.260001173909519e-06
365,1,1.5332988500595093,1.5140103101730347,0.165397509932518,0.019522204995155334,7.870435365475714e-05,0.035423606634140015,9.215982442749207e-06
366,1,1.0484455823898315,1.0377734899520874,0.014258763752877712,0.08760266751050949,4.1835872252704576e-05,0.09730490297079086,9.171991774412764e-06
367,1,0.814391553401947,0.8069448471069336,0.019316771999001503,0.05477050319314003,5.106420940137468e-05,0.05550995469093323,9.128030130337488e-06
368,1,0.9541049003601074,0.935695469379425,0.017401400953531265,0.16317260265350342,3.5642886359710246e-05,0.17019817233085632,9.08409847132635e-06
369,1,1.397824764251709,1.3562597036361694,0.3662908673286438,0.03915952518582344,0.00012515216076280922,0.0595090351998806,9.04019775752697e-06
370,1,0.9040802717208862,0.8934887647628784,0.0330905020236969,0.06601797789335251,4.220658229314722e-05,0.0796133503317833,8.996328948410657e-06
371,1,1.1929116249084473,1.1807599067687988,0.031166922301054,0.08319314569234848,6.217951158760116e-05,0.09748246520757675,8.952493002751414e-06
372,1,1.306451439857483,1.2880579233169556,0.1091471016407013,0.07054362446069717,8.151646761689335e-05,0.07900060713291168,8.908690878605012e-06
373,1,1.3277525901794434,1.2039450407028198,1.1671090126037598,0.06492534279823303,0.00010793714318424463,0.07696352899074554,8.864923533288025e-06
374,1,1.2191494703292847,1.2079015970230103,0.022108517587184906,0.08460183441638947,4.720600918517448e-05,0.09611832350492477,8.821191923356926e-06
375,1,1.4112036228179932,1.404209852218628,0.02506096474826336,0.04458536580204964,4.5950448111398146e-05,0.045148350298404694,8.777497004587175e-06
376,1,0.9362348318099976,0.9267975091934204,0.03887525200843811,0.04757428169250488,7.234414078993723e-05,0.06339281797409058,8.733839731952318e-06
377,1,1.3406814336776733,1.2487438917160034,0.8702122569084167,0.04541961848735809,6.977957673370838e-05,0.05287861451506615,8.690221059603138e-06
378,1,0.4771624505519867,0.4667840600013733,0.022799499332904816,0.06733983010053635,5.673979831044562e-05,0.09460677206516266,8.646641940846788e-06
379,1,1.1029728651046753,1.067635178565979,0.3127012848854065,0.02968691848218441,0.00011820871441159397,0.051616404205560684,8.603103328125953e-06
380,1,0.9531914591789246,0.9421276450157166,0.03784044831991196,0.06993758678436279,7.807628571754321e-05,0.07562625408172607,8.559606172998041e-06
381,1,1.2768950462341309,1.2116825580596924,0.6005319356918335,0.04628993943333626,0.0001246063766302541,0.056846652179956436,8.516151426114392e-06
382,1,1.2465752363204956,1.2213178873062134,0.15912948548793793,0.1059945747256279,5.9770376537926495e-05,0.08087211102247238,8.47274003719948e-06
383,1,1.06938636302948,0.9921180605888367,0.7199598550796509,0.03952205926179886,0.00016061360656749457,0.06585890799760818,8.429372955030184e-06
384,1,1.2095714807510376,1.162093997001648,0.4106387495994568,0.06925750523805618,0.00011524511501193047,0.058967266231775284,8.386051127415021e-06
385,1,1.191339135169983,1.182235836982727,0.04726853221654892,0.04418013244867325,6.092017065384425e-05,0.04332586005330086,8.342775501173461e-06
386,1,1.1760588884353638,1.1631815433502197,0.09179559350013733,0.026575038209557533,0.00015846616588532925,0.04731566458940506,8.299547022115221e-06
387,1,0.6693706512451172,0.6586902141571045,0.024889817461371422,0.0688350573182106,6.116095755714923e-05,0.09496951103210449,8.256366635019582e-06
388,1,1.2499544620513916,1.1783732175827026,0.6490621566772461,0.05528789386153221,0.00014675979036837816,0.07815338671207428,8.213235283614766e-06
389,1,0.7831340432167053,0.7749093174934387,0.025895357131958008,0.05743490159511566,7.938755152281374e-05,0.05523643270134926,8.170153910557282e-06
390,1,1.4295040369033813,1.4232237339019775,,0.06013140454888344,5.917984526604414e-05,0.06545063108205795,8.127123457411353e-06
391,1,1.2349146604537964,1.2238155603408813,0.04476524516940117,0.06107571721076965,7.986617129063234e-05,0.07134336233139038,8.084144864628312e-06
392,1,1.0596402883529663,1.0364418029785156,0.1671898066997528,0.05158817023038864,5.433893602457829e-05,0.07798003405332565,8.041219071526061e-06
393,1,0.42482003569602966,0.40831369161605835,0.09814606606960297,0.062381964176893234,6.920029409229755e-05,0.07142472267150879,7.998347016268541e-06
394,1,1.2345144748687744,1.2243754863739014,0.050129588693380356,0.04235256835818291,9.788663010112941e-05,0.06012846156954765,7.95552963584523e-06
395,1,0.9798097014427185,0.97016441822052,0.045689281076192856,0.03972453624010086,0.00012922147288918495,0.061751268804073334,7.912767866050651e-06
396,1,1.1941113471984863,1.1875172853469849,0.028248466551303864,0.03891802579164505,5.9402937040431425e-05,0.03644295036792755,7.870062641463937e-06
397,1,1.1646873950958252,1.1356737613677979,0.24190162122249603,0.04103400930762291,8.349255222128704e-05,0.05540072172880173,7.827414895428402e-06
398,1,0.9705643653869629,0.9541940093040466,0.06190912425518036,0.1081748679280281,5.345642057363875e-05,0.09539227187633514,7.78482556003113e-06
399,1,1.5694270133972168,1.5642995834350586,,0.04238991066813469,6.895520346006379e-05,0.06012813374400139,7.742295566082617e-06
400,1,1.6905323266983032,1.65201997756958,0.33968859910964966,0.032179176807403564,0.00010433997522341087,0.05864890292286873,7.699825843096416e-06
401,1,1.0096163749694824,0.9567036032676697,0.47705668210983276,0.046578019857406616,7.406224176520482e-05,0.05753529816865921,7.657417319268848e-06
402,1,1.2034451961517334,1.1962385177612305,0.01924988627433777,0.05880718678236008,6.07625515840482e-05,0.046801455318927765,7.6150709214586675e-06
403,1,0.6853659152984619,0.6730627417564392,0.06778056919574738,0.0444549135863781,0.00015243150119204074,0.06598737835884094,7.572787575166863e-06
404,1,1.0326063632965088,1.0243414640426636,0.024986324831843376,0.059519656002521515,8.34081947687082e-05,0.055773086845874786,7.530568204516387e-06
405,1,1.198151707649231,1.14737069606781,0.481064110994339,0.021950602531433105,0.00012039306602673605,0.03149157762527466,7.488413732231972e-06
406,1,0.904877781867981,0.894990861415863,0.06027315929532051,0.03379420191049576,0.00010140741505892947,0.043356090784072876,7.446325079619973e-06
407,1,1.3524274826049805,1.348962426185608,,0.03249185159802437,0.00019589222210925072,0.03673001006245613,7.404303166548221e-06
408,1,1.3973442316055298,1.3861055374145508,0.05940171331167221,0.04849914088845253,9.149545803666115e-05,0.057435791939496994,7.362348911425922e-06
409,1,1.1210737228393555,1.1068106889724731,0.028405945748090744,0.10372588038444519,6.713087350362912e-05,0.12469528615474701,7.320463231183581e-06
410,1,0.4969014823436737,0.48552969098091125,0.025587711483240128,0.08080070465803146,5.7498626119922847e-05,0.09543641656637192,7.2786470412529765e-06
411,1,1.203012466430664,1.179944396018982,0.1469106376171112,0.07321753352880478,0.00018347988952882588,0.09424721449613571,7.2369012555471275e-06
412,1,0.4186561405658722,0.4052163362503052,0.07273513823747635,0.05317788943648338,6.270474841585383e-05,0.07012263685464859,7.195226786440351e-06
413,1,1.2838109731674194,1.2769520282745361,,0.06401367485523224,9.161369962384924e-05,0.07313114404678345,7.15362454474829e-06
414,1,1.3483303785324097,1.3358711004257202,0.06854168325662613,0.05509813874959946,0.00020643530297093093,0.056920550763607025,7.112095439708037e-06
415,1,2.1815261840820312,2.1688623428344727,0.049409929662942886,0.07450587302446365,0.0002077994286082685,0.07987067848443985,7.0706403789582325e-06
416,1,0.844743549823761,0.8286530375480652,0.095960333943367,0.058393415063619614,6.871665391372517e-05,0.07146795094013214,7.029260268519255e-06
417,1,1.0799903869628906,1.0640153884887695,0.08451255410909653,0.07288385182619095,0.00010759684664662927,0.07754794508218765,6.987956012773406e-06
418,1,1.5560752153396606,1.5465950965881348,0.045745424926280975,0.03904467448592186,0.0002116406976711005,0.05897929519414902,6.94672851444514e-06
419,1,0.6970612406730652,0.6889963150024414,0.02278376929461956,0.05340500548481941,7.711063517490402e-05,0.06229569762945175,6.90557867458135e-06
420,1,1.7131215333938599,1.6820895671844482,0.27677834033966064,0.028211448341608047,0.00013455089356284589,0.038815759122371674,6.864507392531656e-06
421,1,0.8495596647262573,0.8356543183326721,0.06231993809342384,0.07324035465717316,9.772068733582273e-05,0.08018768578767776,6.823515565928767e-06
422,1,1.0407568216323853,1.0333834886550903,0.03817670792341232,0.03077024035155773,7.18683295417577e-05,0.04031387344002724,6.7826040906688455e-06
423,1,1.3638725280761719,1.3408809900283813,0.18958736956119537,0.02731364034116268,0.0002248986274935305,0.053252145648002625,6.741773860891952e-06
424,1,1.7400128841400146,1.6764590740203857,0.5885763168334961,0.045140769332647324,7.396376895485446e-05,0.04875321313738823,6.701025768962469e-06
425,1,1.1738762855529785,1.1616657972335815,0.06264526396989822,0.045645881444215775,0.00027121277526021004,0.07316340506076813,6.6603607054496355e-06
426,1,1.1302951574325562,1.0997813940048218,0.22178307175636292,0.07712733745574951,9.177151514450088e-05,0.08954467624425888,6.619779559108046e-06
427,1,1.0807758569717407,0.9925679564476013,0.8261072635650635,0.04103622958064079,0.00022044098295737058,0.07081957161426544,6.579283216858257e-06
428,1,1.3334226608276367,1.3061684370040894,0.19639842212200165,0.07453501969575882,0.00019548625277820975,0.07767367362976074,6.5388725637673905e-06
429,1,0.9539797902107239,0.9451087713241577,0.04737722873687744,0.03970491513609886,7.12996770744212e-05,0.04293251037597656,6.498548483029786e-06
430,1,1.1797069311141968,1.1746783256530762,0.02239403687417507,0.02311324141919613,6.572115671588108e-05,0.03264622762799263,6.458311855947702e-06
431,1,1.428772211074829,1.3637069463729858,0.5818600654602051,0.06429556757211685,0.00011570906644919887,0.07324151694774628,6.418163561912056e-06
432,1,0.3659484088420868,0.3548421561717987,0.021621933206915855,0.07623551040887833,6.219809438334778e-05,0.10262054949998856,6.3781044783832065e-06
433,1,0.5231499671936035,0.512756884098053,0.03850241005420685,0.05530519410967827,5.4994448873912916e-05,0.07553056627511978,6.3381354808717725e-06
434,1,1.5965583324432373,1.5691131353378296,0.20774294435977936,0.06784038245677948,0.0002473712956998497,0.06547938287258148,6.298257442919498e-06
435,1,1.4007372856140137,1.3721710443496704,0.2401510775089264,0.03490418940782547,0.0001919055066537112,0.05604344233870506,6.258471236080162e-06
436,1,0.8683440089225769,0.7950849533081055,0.6676292419433594,0.055481553077697754,0.00018070182704832405,0.07436813414096832,6.218777729900532e-06
437,1,0.9813618063926697,0.9353185296058655,0.3251858055591583,0.1419970542192459,8.452389010926709e-05,0.12846331298351288,6.179177791901355e-06
438,1,0.5037025809288025,0.49088945984840393,0.035879649221897125,0.08622608333826065,8.107993198791519e-05,0.09824490547180176,6.139672287558399e-06
439,1,0.8885824084281921,0.8754197359085083,0.09133186936378479,0.04084154963493347,7.768916839268059e-05,0.039717767387628555,6.1002620802835506e-06
440,1,1.216491937637329,1.2113767862319946,0.02551671303808689,0.022448798641562462,6.872337689856067e-05,0.028791746124625206,6.0609480314059195e-06
441,1,0.38123035430908203,0.3707228899002075,0.06559257209300995,0.03563525527715683,6.80873345118016e-05,0.043301358819007874,6.021731000153031e-06
442,1,0.9695143699645996,0.9430322647094727,0.218428835272789,0.03632494434714317,0.00013319362187758088,0.056405603885650635,5.982611843632046e-06
443,1,1.2068986892700195,1.1977206468582153,0.05593085661530495,0.029583333060145378,0.00010533569002291188,0.04207344353199005,5.943591416811022e-06
444,1,0.7853076457977295,0.7752732038497925,0.020299658179283142,0.0676974505186081,7.376927533186972e-05,0.0923624187707901,5.904670572500232e-06
445,1,0.8206948041915894,0.8079648017883301,0.03309869021177292,0.08614473044872284,7.90586054790765e-05,0.10222723335027695,5.86585016133353e-06
446,1,0.8270350694656372,0.8083061575889587,0.01718897931277752,0.16841544210910797,4.836719745071605e-05,0.17176605761051178,5.82713103174975e-06
447,1,1.3123109340667725,1.3040555715560913,0.045215632766485214,0.027545567601919174,0.00016095349565148354,0.047067128121852875,5.788514029974169e-06
448,1,0.8354379534721375,0.8238785862922668,0.06518399715423584,0.044329460710287094,6.715380732202902e-05,0.056461747735738754,5.750000000000012e-06
449,2,1.3599170446395874,1.3399137258529663,0.113536536693573,0.0878424197435379,0.0001289752108277753,0.08509881049394608,5.711589783570002e-06
450,2,0.7275301814079285,0.7169873118400574,0.02287977933883667,0.07488702982664108,8.129598427331075e-05,0.09017787128686905,5.673284220157983e-06
451,2,0.831209659576416,0.8202494382858276,0.020765753462910652,0.07376652956008911,6.376962846843526e-05,0.10388098657131195,5.635084146950527e-06
452,2,1.0009853839874268,0.9659416079521179,0.3031178116798401,0.03544418141245842,0.00011348168482072651,0.05915028601884842,5.5969903988286964e-06
453,2,1.4392961263656616,1.428783893585205,0.02673996053636074,0.07668731361627579,7.042512879706919e-05,0.08004862070083618,5.559003808349751e-06
454,2,1.1204054355621338,1.1123249530792236,0.040068306028842926,0.03853169456124306,7.751526572974399e-05,0.04290948063135147,5.521125205728971e-06
455,2,0.9173714518547058,0.9103082418441772,0.023329535499215126,0.04823513701558113,6.303864938672632e-05,0.04634450003504753,5.483355418821513e-06
456,2,1.035685658454895,1.027873158454895,0.01941206306219101,0.055630795657634735,8.156829426297918e-05,0.06176208704710007,5.4456952731043124e-06
457,2,1.0314841270446777,1.0256727933883667,0.018168456852436066,0.03404960408806801,6.897444109199569e-05,0.04581141471862793,5.408145591658042e-06
458,2,1.030102252960205,0.9804838299751282,0.4506458640098572,0.04265781119465828,7.81078269938007e-05,0.048386555165052414,5.3707071951491244e-06
459,2,1.0234953165054321,1.018099069595337,,0.04012959077954292,6.0402031522244215e-05,0.06777016073465347,5.333380901811799e-06
460,2,1.5388813018798828,1.431368112564087,1.0330233573913574,0.029347024857997894,8.360794890904799e-05,0.05483647435903549,5.296167527430229e-06
461,2,0.988308846950531,0.9753353595733643,0.06823853403329849,0.05407657101750374,0.0002446822472847998,0.06881853193044662,5.259067885320697e-06
462,2,0.4730309247970581,0.4574993848800659,0.11972314864397049,0.03304015100002289,9.228757699020207e-05,0.03810759261250496,5.222082786313787e-06
463,2,1.294039011001587,1.2838431596755981,0.04807119816541672,0.046275794506073,0.0001223885192302987,0.06145107373595238,5.185213038736711e-06
464,2,1.152225375175476,1.144349217414856,0.040230121463537216,0.033057719469070435,9.33846240513958e-05,0.0439685694873333,5.148459448395599e-06
465,2,1.1802054643630981,1.1694194078445435,0.0668499767780304,0.03471505641937256,8.760122727835551e-05,0.04726868495345116,5.111822818557928e-06
466,2,1.0198719501495361,1.0083551406860352,0.046874236315488815,0.0554501973092556,6.233969907043502e-05,0.08111433684825897,5.075303949934935e-06
467,2,1.0468761920928955,1.0409131050109863,,0.051071058958768845,9.655724716139957e-05,0.06815102696418762,5.03890364066413e-06
468,2,1.1155604124069214,1.1042776107788086,0.021387770771980286,0.08419554680585861,7.814477430656552e-05,0.09865573793649673,5.002622686291854e-06
469,2,0.854904294013977,0.8446640372276306,0.040291838347911835,0.06232538819313049,0.00010312538506696001,0.061855487525463104,4.966461879755889e-06
470,2,1.2426789999008179,1.2371844053268433,0.018189411610364914,0.03521640971302986,8.042490662774071e-05,0.03826619312167168,4.930422011368125e-06
471,2,0.9865158796310425,0.975139856338501,0.0524781160056591,0.051926515996456146,7.463468500645831e-05,0.07060815393924713,4.89450386879729e-06
472,2,0.9469809532165527,0.9409866333007812,,0.05263319984078407,0.0001581645483383909,0.06719028949737549,4.858708237051745e-06
473,2,1.6717925071716309,1.6620713472366333,0.04180029034614563,0.045753926038742065,0.00025598000502213836,0.06496351957321167,4.8230358984623e-06
474,2,1.1163698434829712,1.086326003074646,0.26003482937812805,0.03446509689092636,0.00010973211465170607,0.04629875347018242,4.787487632665156e-06
475,2,0.7986372113227844,0.7883352637290955,0.02082938514649868,0.07483053207397461,8.272705599665642e-05,0.08951705694198608,4.752064216584818e-06
476,2,1.602742314338684,1.580335021018982,0.17462490499019623,0.05184862017631531,6.765705620637164e-05,0.0470208041369915,4.716766424417167e-06
477,2,0.33349213004112244,0.3222827613353729,0.058835387229919434,0.034655775874853134,0.0002763934026006609,0.07175049930810928,4.681595027612484e-06
478,2,0.867650032043457,0.8620681762695312,0.016500910744071007,0.033374886959791183,7.25102872820571e-05,0.04523143172264099,4.646550794858644e-06
479,2,1.193875789642334,1.1694573163986206,0.19900770485401154,0.03502637892961502,0.00019696234085131437,0.0552486889064312,4.6116344920642765e-06
480,2,1.3563673496246338,1.3440301418304443,0.049279551953077316,0.06576666235923767,6.149273394839838e-05,0.08239208161830902,4.576846882342042e-06
481,2,0.671046257019043,0.6476304531097412,0.18898993730545044,0.03520239517092705,0.00019728924962691963,0.055055852979421616,4.542188725991954e-06
482,2,0.9257472157478333,0.9180855751037598,0.037504080682992935,0.03401869907975197,9.504939953330904e-05,0.04416776821017265,4.5076607804847575e-06
483,2,1.8137428760528564,1.802080512046814,0.08215425908565521,0.03941153362393379,0.0002049850590992719,0.029447492212057114,4.473263800445378e-06
484,2,1.288191795349121,1.283823013305664,,0.03697243705391884,0.00023771033738739789,0.05030946806073189,4.438998537636426e-06
485,2,1.2355400323867798,1.2243494987487793,0.04337393492460251,0.05538325011730194,6.593723082914948e-05,0.08165276795625687,4.404865740941778e-06
486,2,1.4174751043319702,1.4061765670776367,0.048039838671684265,0.053136419504880905,6.835964450147003e-05,0.07672706991434097,4.3708661563501765e-06
487,2,0.16716992855072021,0.15283465385437012,0.08146838843822479,0.05460605025291443,6.238858622964472e-05,0.06913776695728302,4.337000526938979e-06
488,2,0.7042133212089539,0.6944379210472107,0.036204494535923004,0.046042293310165405,6.53217502986081e-05,0.07703068107366562,4.3032695928578595e-06
489,2,0.3837203085422516,0.3770221173763275,0.020966092124581337,0.04356932267546654,8.014839113457128e-05,0.04842990264296532,4.269674091312686e-06
490,2,1.2011387348175049,1.1693224906921387,0.2660220265388489,0.040689609944820404,0.00012566967052407563,0.06354276835918427,4.2362147565493576e-06
491,2,1.1381765604019165,1.1335482597351074,,0.03782223165035248,0.000195854707271792,0.05466547608375549,4.202892319837805e-06
492,2,0.7429759502410889,0.7352248430252075,0.020039597526192665,0.05877973511815071,8.2166756328661e-05,0.05612947419285774,4.169707509455974e-06
493,2,0.44567355513572693,0.4333963990211487,0.06335166096687317,0.04774193465709686,7.791636016918346e-05,0.07106664776802063,4.136661050673924e-06
494,2,0.8654350638389587,0.8469633460044861,0.09313302487134933,0.0869462713599205,0.00010227932216366753,0.09618133306503296,4.103753665737971e-06
495,2,1.2771450281143188,1.218719244003296,0.5313671231269836,0.0451984740793705,0.00017036143981385976,0.06051251292228699,4.070986073854907e-06
496,2,0.9327613711357117,0.9218243360519409,0.06894877552986145,0.04183061793446541,8.687188528710976e-05,0.03897746652364731,4.038358991176279e-06
497,2,1.1626741886138916,1.1507611274719238,0.027066975831985474,0.0854240208864212,8.578105916967615e-05,0.09867294877767563,4.005873130782734e-06
498,2,0.35764285922050476,0.33592215180397034,0.11809494346380234,0.11659891158342361,8.036927465582266e-05,0.08159270882606506,3.973529202668449e-06
499,2,1.3324549198150635,1.3160227537155151,0.09824515879154205,0.059691183269023895,6.881928129587322e-05,0.07243462651968002,3.941327913725583e-06
500,2,1.1925851106643677,1.1777969598770142,0.09247279167175293,0.05393095687031746,0.0002660187892615795,0.0567791685461998,3.909269967728869e-06
501,2,0.9873412847518921,0.9795921444892883,0.030420644208788872,0.03960686922073364,7.547230052296072e-05,0.054504938423633575,3.877356065320191e-06
502,2,0.4979367256164551,0.4821433424949646,0.09262602031230927,0.05412161350250244,0.0001342972827842459,0.07644086331129074,3.845586903993308e-06
503,2,0.5863326787948608,0.5719155073165894,0.04364294931292534,0.09581262618303299,7.743765308987349e-05,0.10521446913480759,3.8139631780785795e-06
504,2,1.1498628854751587,1.1335352659225464,0.08416818082332611,0.06916467100381851,0.00016952310397755355,0.08898506313562393,3.782485578727811e-06
505,2,0.6761407256126404,0.6661153435707092,0.019599348306655884,0.07217846065759659,8.816519402898848e-05,0.0890950858592987,3.7511547938991394e-06
506,2,0.929210364818573,0.9170300364494324,0.029515257105231285,0.08906904608011246,7.298209675354883e-05,0.09547881036996841,3.7199715083419975e-06
507,2,0.9241948127746582,0.9167374968528748,0.018363934010267258,0.05790165439248085,9.568001405568793e-05,0.054479073733091354,3.6889364035821543e-06
508,2,1.121361255645752,1.0681968927383423,0.47864753007888794,0.041318319737911224,0.00022146441915538162,0.06458530575037003,3.6580501579068116e-06
509,2,0.8441041111946106,0.833925724029541,0.02540084905922413,0.07085085660219193,6.6154076193925e-05,0.08188871294260025,3.627313446349787e-06
510,2,1.4133589267730713,1.4053610563278198,0.03573610633611679,0.03202448785305023,0.0002795755863189697,0.056347090750932693,3.5967269406767553e-06
511,2,1.094807744026184,1.0888948440551758,0.019321449100971222,0.033809173852205276,8.838703070068732e-05,0.04576830193400383,3.5662913093705767e-06
512,2,1.4899787902832031,1.4839533567428589,0.018159326165914536,0.040866922587156296,8.377700578421354e-05,0.04328864440321922,3.5360072176166628e-06
513,2,0.6800681948661804,0.6694251298904419,0.029809197410941124,0.0722912922501564,7.099135837052017e-05,0.08092263340950012,3.5058753272884737e-06
514,2,0.8080595135688782,0.8017247915267944,0.044541455805301666,0.010864539071917534,0.0002811166050378233,0.0266350619494915,3.475896296933023e-06
515,2,0.7001768946647644,0.685621976852417,0.08355474472045898,0.05468451604247093,6.629990821238607e-05,0.06927724927663803,3.4460707817564992e-06
516,2,1.576771855354309,1.5645414590835571,0.029148517176508904,0.07757209986448288,7.944575190776959e-05,0.10870657861232758,3.41639943360994e-06
517,2,1.1747716665267944,1.169374942779541,,0.044597189873456955,7.559370715171099e-05,0.06330827623605728,3.3868829009749916e-06
518,2,1.130639910697937,1.1221628189086914,0.033080119639635086,0.04187285900115967,9.972575935535133e-05,0.06146746501326561,3.3575218289497294e-06
519,2,1.1850327253341675,1.1647074222564697,0.16663765907287598,0.02454845793545246,0.0002042258420260623,0.04860236123204231,3.328316859234563e-06
520,2,0.8111635446548462,0.8045166730880737,0.018299441784620285,0.04683586210012436,9.05609194887802e-05,0.04946662113070488,3.2992686301182117e-06
521,2,1.5944745540618896,1.5856298208236694,0.0485939159989357,0.03651783615350723,0.0001246237225132063,0.04313614219427109,3.270377776463752e-06
522,2,1.3566640615463257,1.312840461730957,0.3809870481491089,0.05558271333575249,8.069043542491272e-05,0.05888119339942932,3.241644929694745e-06
523,2,1.3853975534439087,1.3740673065185547,0.01250592153519392,0.10988644510507584,8.366861584363505e-05,0.09167131781578064,3.2130707177814304e-06
524,2,1.2518893480300903,1.2416969537734985,0.05150043964385986,0.04145732894539833,0.0002765524841379374,0.05928138270974159,3.1846557652270172e-06
525,2,1.2933456897735596,1.2870081663131714,0.028612175956368446,0.030540548264980316,8.297561726067215e-05,0.03894943743944168,3.1564006930540126e-06
526,2,1.0250616073608398,1.0138007402420044,0.017637085169553757,0.10460230708122253,7.706208998570219e-05,0.08531048893928528,3.1283061187906677e-06
527,2,1.0605632066726685,1.0474458932876587,0.060729071497917175,0.06151265650987625,0.00026140030240640044,0.07927237451076508,3.1003726564574697e-06
528,2,0.8225914239883423,0.8153192400932312,0.03272772580385208,0.03738657385110855,8.836590131977573e-05,0.04256619140505791,3.0726009165537312e-06
529,2,0.4755052328109741,0.4681599736213684,0.016979912295937538,0.05854002758860588,9.727574797580019e-05,0.05436665564775467,3.0449915060442405e-06
530,2,0.5941746830940247,0.5877377986907959,0.014579428359866142,0.056164857000112534,7.81150083639659e-05,0.04338405653834343,3.0175450283459983e-06
531,2,0.8084942698478699,0.7908211350440979,0.11669270694255829,0.04462932050228119,6.25877728452906e-05,0.07542305439710617,2.9902620833150316e-06
532,2,0.9754387736320496,0.9676524996757507,0.03023930825293064,0.03774068504571915,0.00011895402712980285,0.057459089905023575,2.9631432672332813e-06
533,2,1.5354591608047485,1.5304338932037354,0.01490785926580429,0.027936682105064392,9.358626266475767e-05,0.042714815586805344,2.9361891727955707e-06
534,2,1.6937495470046997,1.6879936456680298,0.012460007332265377,0.038938120007514954,8.329188131028786e-05,0.05122761428356171,2.9094003890966508e-06
535,2,0.6036206483840942,0.5945072174072266,0.04594412446022034,0.037178803235292435,0.00010109342110808939,0.05316123366355896,2.882777501618326e-06
536,2,1.4651501178741455,1.4561007022857666,0.03239043802022934,0.05053877830505371,0.0003234032483305782,0.06554163992404938,2.856321092216665e-06
537,2,0.6973560452461243,0.689412534236908,0.03572288155555725,0.04263827204704285,8.626379712950438e-05,0.044751763343811035,2.8300317391092715e-06
538,2,0.984114944934845,0.9785586595535278,,0.04372727870941162,7.335939881158993e-05,0.0673692375421524,2.8039100168626542e-06
539,2,1.1980832815170288,1.1172949075698853,0.7390724420547485,0.06441676616668701,0.00027687367401085794,0.07309720665216446,2.7779564963796703e-06
540,2,0.886496365070343,0.876933217048645,0.025729695335030556,0.06675026565790176,0.00010306106560165063,0.07301200926303864,2.752171744887042e-06
541,2,1.2332648038864136,1.2281460762023926,,0.041692886501550674,0.00022096681641414762,0.06059490889310837,2.726556325922971e-06
542,2,0.48079460859298706,0.419514924287796,0.5651073455810547,0.04014365375041962,0.00019002484623342752,0.05515844374895096,2.701110799324806e-06
543,2,1.1056981086730957,1.0877275466918945,0.07838539034128189,0.10643424093723297,8.434236951870844e-05,0.09617223590612411,2.6758357212168237e-06
544,2,1.4230146408081055,1.3967255353927612,0.2066563069820404,0.05426713079214096,0.0002357932535232976,0.05810686945915222,2.65073164399806e-06
545,2,1.2780040502548218,1.2615607976913452,0.07341261953115463,0.0855414941906929,0.00011057624215027317,0.09645181894302368,2.6257991163302553e-06
546,2,0.7219740152359009,0.7078418135643005,0.07610538601875305,0.058151502162218094,7.82437709858641e-05,0.0722508504986763,2.601038683125832e-06
547,2,0.7269005179405212,0.7204442620277405,0.011473741382360458,0.059650421142578125,8.306946256197989e-05,0.04649447277188301,2.5764508855360273e-06
548,2,0.9750788807868958,0.9672589302062988,0.02276349440217018,0.043652020394802094,0.0001066638869815506,0.06717639416456223,2.5520362609390242e-06
549,2,0.9561869502067566,0.9499343633651733,0.012908822856843472,0.055901966989040375,8.134639938361943e-05,0.043300122022628784,2.5277953429282414e-06
550,2,1.4619945287704468,1.4133657217025757,0.4284164309501648,0.04454759508371353,0.00017641829617787153,0.07112257927656174,2.5037286613006475e-06
551,2,0.34910744428634644,0.33745038509368896,0.05204309523105621,0.05761966109275818,8.262951450888067e-05,0.0714024007320404,2.4798367420451926e-06
552,2,0.8705328702926636,0.8035939335823059,0.6049836277961731,0.0664135292172432,0.00023342172789853066,0.06230493262410164,2.456120107331312e-06
553,2,1.4440950155258179,1.4343422651290894,0.018408291041851044,0.07715912908315659,0.00010616219515213743,0.08103594928979874,2.432579275497513e-06
554,2,0.6748104691505432,0.6706494092941284,0.015324938111007214,0.02477656491100788,8.187621278921142e-05,0.02776234969496727,2.409214761040043e-06
555,2,0.9254428744316101,0.9128137826919556,0.06795211136341095,0.04940684884786606,0.00029166502645239234,0.06715457141399384,2.3860270746016486e-06
556,2,1.6170963048934937,1.5548077821731567,0.5852172374725342,0.03135684132575989,0.00024386374570894986,0.043881963938474655,2.363016722960423e-06
557,2,1.1337367296218872,1.116530179977417,0.016426565125584602,0.15947826206684113,7.418684253934771e-05,0.15177002549171448,2.3401842090187066e-06
558,2,1.166630744934082,1.153626561164856,0.07371243089437485,0.04452579468488693,7.331147935474291e-05,0.06810633838176727,2.3175300317921275e-06
559,2,1.0273915529251099,0.9649157524108887,0.5768728852272034,0.0329076386988163,0.0002693381393328309,0.06275547295808792,2.2950546863986607e-06
560,2,0.7324790954589844,0.6993521451950073,0.30178511142730713,0.027442358434200287,0.00011790460848715156,0.03147958591580391,2.2727586640478443e-06
561,2,1.0679954290390015,1.0480546951293945,0.14727789163589478,0.04481607303023338,0.00015480743604712188,0.05938112735748291,2.250642452030008e-06
562,2,0.9253066182136536,0.91033935546875,0.11795976758003235,0.01892276108264923,0.0002630023518577218,0.04439679905772209,2.2287065337056515e-06
563,2,1.3194571733474731,1.2990189790725708,0.15975894033908844,0.0347803570330143,0.00021992919209878892,0.054375093430280685,2.2069513884948634e-06
564,2,1.3602949380874634,1.248671293258667,1.0741543769836426,0.02880777046084404,9.615354792913422e-05,0.05531764775514603,2.1853774918668493e-06
565,2,0.5367794036865234,0.5179653167724609,0.12680256366729736,0.043842945247888565,0.00014774543524254113,0.07877441495656967,2.16398531532954e-06
566,2,0.9109564423561096,0.8962393999099731,0.07309875637292862,0.08309227973222733,9.245533146895468e-05,0.06501439213752747,2.1427753264192835e-06
567,2,0.7235968708992004,0.7172691822052002,0.017198236659169197,0.04412281513214111,9.329134627478197e-05,0.04799693822860718,2.121747988690637e-06
568,2,1.379501461982727,1.3090099096298218,0.6368082165718079,0.06231404468417168,0.00013901539205107838,0.07384661585092545,2.100903761706215e-06
569,2,0.9875007271766663,0.9761629700660706,0.07936665415763855,0.038655150681734085,0.00023481839161831886,0.029272787272930145,2.0802431010266735e-06
570,2,1.0629503726959229,1.0495315790176392,0.0819324254989624,0.041561346501111984,7.29742823750712e-05,0.06292176246643066,2.059766458200721e-06
571,2,0.5515176057815552,0.5414892435073853,0.05069100484251976,0.03874633461236954,0.00011181196168763563,0.06039426848292351,2.039474280755286e-06
572,2,0.7826284766197205,0.7705426812171936,0.05611120164394379,0.05793674662709236,8.412027091253549e-05,0.07152286171913147,2.0193670121856983e-06
573,2,1.1259902715682983,1.115447998046875,0.02250407263636589,0.0706000104546547,0.00013913543079979718,0.09518222510814667,1.9994450919460325e-06
574,2,0.87022864818573,0.8289331793785095,0.3550218641757965,0.04782107472419739,7.660249684704468e-05,0.06801334768533707,1.9797089554394693e-06
575,2,1.1551706790924072,1.116265058517456,0.3304007947444916,0.06184942275285721,0.00010309381468687207,0.05542147904634476,1.960159034008809e-06
576,2,1.448625087738037,1.4367045164108276,0.06848413497209549,0.044161271303892136,0.00033330422593280673,0.057146940380334854,1.9407957549270265e-06
577,2,0.9565375447273254,0.9454259872436523,0.03798873722553253,0.06372959166765213,7.719657878624275e-05,0.08249332010746002,1.921619541387936e-06
578,2,0.45411401987075806,0.44009366631507874,0.07474707812070847,0.05824291333556175,8.217753929784521e-05,0.07263707369565964,1.9026308124969476e-06
579,2,1.3314794301986694,1.3195184469223022,0.050841253250837326,0.0562463141977787,0.00016604550182819366,0.08122327923774719,1.8838299832619014e-06
580,2,1.3486435413360596,1.3016656637191772,0.41740554571151733,0.04137628152966499,0.00017480028327554464,0.0633021742105484,1.8652174645840048e-06
581,2,1.0928219556808472,1.080679178237915,0.0714782327413559,0.04644801467657089,0.00010592828039079905,0.053407203406095505,1.8467936632488354e-06
582,2,1.0569756031036377,1.0458528995513916,0.07709948718547821,0.03896026685833931,0.00023695094569120556,0.029198866337537766,1.8285589819174778e-06
583,2,1.440005898475647,1.4300204515457153,0.024661535397171974,0.06952513754367828,8.125010208459571e-05,0.08082733303308487,1.8105138191176924e-06
584,2,0.6130109429359436,0.5932450294494629,0.14603613317012787,0.04386324808001518,0.00015646818792447448,0.059319667518138885,1.7926585692352343e-06
585,2,0.3009118437767029,0.29445719718933105,0.01361594907939434,0.05800694227218628,8.456348587060347e-05,0.04381980374455452,1.7749936225052055e-06
586,2,1.288134217262268,1.2775530815124512,0.022737273946404457,0.07074052840471268,0.0001402410416631028,0.0953497663140297,1.7575193650035575e-06
587,2,0.9415944218635559,0.9229177236557007,0.1249934583902359,0.044500552117824554,0.00014990790805313736,0.07898727804422379,1.740236178638619e-06
588,2,1.4493303298950195,1.420991063117981,0.2181229442358017,0.06677503138780594,0.00033158829319290817,0.06363058090209961,1.7231444411427816e-06
589,2,1.1873949766159058,1.158496379852295,0.2140674740076065,0.07358252257108688,0.00027010816847905517,0.07614606618881226,1.7062445260642218e-06
590,2,0.8472179770469666,0.8365697264671326,0.018962999805808067,0.08090727031230927,9.375369700137526e-05,0.09409395605325699,1.6895368027587448e-06
591,2,1.3836324214935303,1.373802661895752,0.047541841864585876,0.04190382733941078,0.0003018983989022672,0.05948473885655403,1.6730216363817133e-06
592,2,1.611616611480713,1.595646858215332,0.07963287085294724,0.08226364850997925,0.00018946309864986688,0.07778815925121307,1.656699387880064e-06
593,2,1.3054251670837402,1.2922884225845337,0.06263989210128784,0.05434136837720871,0.00019420096941757947,0.08303550630807877,1.6405704139844259e-06
594,2,1.71366286277771,1.7038052082061768,0.01903657056391239,0.07801330089569092,0.00011149250349262729,0.08102258294820786,1.6246350672013058e-06
595,2,1.15118408203125,1.0671091079711914,0.7766562104225159,0.05513070151209831,0.0002175307017751038,0.07297281175851822,1.6088936958054124e-06
596,2,1.1545907258987427,1.148685336112976,,0.05108672007918358,0.00010512887820368633,0.06697941571474075,1.5933466438320125e-06
597,2,1.223759412765503,1.2187029123306274,,0.04041609168052673,0.00024308513093274087,0.06061602756381035,1.5779942510694425e-06
598,2,0.8661566972732544,0.8546618223190308,0.024057263508439064,0.08702266216278076,8.501319098286331e-05,0.09472658485174179,1.562836853051655e-06
599,2,1.2610524892807007,1.2408839464187622,0.13282889127731323,0.06049971282482147,0.0001754074910422787,0.07714463770389557,1.5478747810509087e-06
600,2,0.8970962762832642,0.8839015364646912,0.0351371131837368,0.10054609179496765,8.405598055105656e-05,0.09304114431142807,1.5331083620705126e-06
601,2,1.2027958631515503,1.1716371774673462,0.21741504967212677,0.08886370062828064,0.00013953281450085342,0.09942450374364853,1.5185379188376856e-06
602,2,1.1954336166381836,1.185131549835205,0.015314489603042603,0.07334362715482712,8.485097350785509e-05,0.1020348072052002,1.5041637697965012e-06
603,2,1.211338758468628,1.2058372497558594,,0.04293246567249298,8.28450865810737e-05,0.06706466525793076,1.489986229100929e-06
604,2,1.2813289165496826,1.276510238647461,,0.040369484573602676,0.00016520237841177732,0.05593805015087128,1.476005606607968e-06
605,2,1.035721778869629,1.0169469118118286,0.12141861021518707,0.053801894187927246,7.916659524198622e-05,0.07882801443338394,1.4622222078708747e-06
606,2,1.238537311553955,1.2329715490341187,,0.04944039508700371,9.14452612050809e-05,0.0618392676115036,1.4486363341324896e-06
607,2,0.8325456976890564,0.82285076379776,0.03242679312825203,0.05899805575609207,0.00012647460971493274,0.06999744474887848,1.4352482823186395e-06
608,2,1.6652578115463257,1.6459616422653198,0.15637628734111786,0.022446967661380768,0.0003385458549018949,0.05058833956718445,1.422058345031668e-06
609,2,1.8288410902023315,1.820650577545166,0.01673668809235096,0.06263503432273865,7.745290349703282e-05,0.06767052412033081,1.4090668105440195e-06
610,2,1.7583149671554565,1.7477794885635376,0.020865343511104584,0.07709190994501114,8.86915295268409e-05,0.09184958040714264,1.3962739627919583e-06
611,2,1.1932905912399292,1.1818441152572632,0.0648372620344162,0.031611599028110504,0.0003602805663831532,0.06750190258026123,1.3836800813693513e-06
612,2,0.46995651721954346,0.4608004093170166,0.025934036821126938,0.05757405608892441,0.0001281310396734625,0.07362920790910721,1.371285441521558e-06
613,2,1.2478547096252441,1.235033631324768,0.04380783438682556,0.0959116593003273,0.0001023741569952108,0.07285366952419281,1.3590903141394183e-06
614,2,1.3923243284225464,1.2965714931488037,0.9160754680633545,0.027693072333931923,0.00011198406718904153,0.05516707897186279,1.3470949657533323e-06
615,2,0.7433010339736938,0.7300690412521362,0.06317967176437378,0.054967839270830154,0.0002020105894189328,0.0832313522696495,1.3352996585274328e-06
616,2,0.3751068115234375,0.3657950460910797,0.014535018242895603,0.07571069896221161,0.00012164933286840096,0.08140601217746735,1.3237046502538548e-06
617,2,1.212681531906128,1.2034844160079956,0.0280939731746912,0.0589258074760437,9.724833944346756e-05,0.06879138201475143,1.3123101943471044e-06
618,2,0.8186488151550293,0.739611804485321,0.7262504696846008,0.05526532977819443,0.0002318225451745093,0.07288099080324173,1.3011165398385189e-06
619,2,0.9450137615203857,0.9418313503265381,,0.02893838658928871,0.00029340258333832026,0.03459279239177704,1.290123931370825e-06
620,2,0.9038817286491394,0.8975526690483093,0.03580385446548462,0.025045346468687057,9.093830158235505e-05,0.02989109978079796,1.2793326091927883e-06
621,2,0.8249307870864868,0.8109267950057983,0.07851863652467728,0.04105430841445923,0.00037894994602538645,0.08183746039867401,1.2687428091539677e-06
622,2,1.555950403213501,1.4996201992034912,0.5107516050338745,0.0416838638484478,0.00020189273345749825,0.06333551555871964,1.2583547626995587e-06
623,2,0.5041625499725342,0.49215036630630493,0.0249177236109972,0.09036853164434433,0.00011215187987545505,0.09999441355466843,1.2481686968653326e-06
624,2,0.918298602104187,0.9105811715126038,0.029535511508584023,0.03640708327293396,0.00017879191727843136,0.05879990756511688,1.2381848342726776e-06
625,2,0.8544992208480835,0.8370286822319031,0.0883028581738472,0.08753993362188339,0.0001534772600280121,0.08520416170358658,1.2284033931237338e-06
626,2,1.5486980676651,1.538694143295288,0.019911527633666992,0.07896234095096588,0.00011618919234024361,0.08124938607215881,1.2188245871966205e-06
627,2,1.1801358461380005,1.1732895374298096,,0.06504692137241364,0.00010570846643531695,0.07183477282524109,1.2094486258407695e-06
628,2,1.065372109413147,0.9903824329376221,0.6860097050666809,0.05486377328634262,0.00023658150166738778,0.07281403243541718,1.2002757139723422e-06
629,2,1.589295744895935,1.570214033126831,0.14238367974758148,0.04972146824002266,8.63739987835288e-05,0.04711201786994934,1.1913060520697585e-06
630,2,1.4293326139450073,1.4217464923858643,0.018292419612407684,0.052740976214408875,8.989484194898978e-05,0.062361251562833786,1.1825398361693126e-06
631,2,1.0795937776565552,1.0679998397827148,0.04792587459087372,0.06957730650901794,0.00012745604908559471,0.06640014797449112,1.1739772578608854e-06
632,2,1.2725212574005127,1.2608567476272583,0.09063724428415298,0.013393613509833813,0.0002250486722914502,0.038529664278030396,1.165618504283763e-06
633,2,0.9506490230560303,0.9398278594017029,0.016905955970287323,0.08492126315832138,0.00010186175495618954,0.0976502075791359,1.1574637581225415e-06
634,2,1.3681126832962036,1.1957930326461792,1.6824672222137451,0.03171410411596298,0.00024124649644363672,0.04964810609817505,1.149513197603136e-06
635,2,1.4582947492599487,1.4333434104919434,0.18573816120624542,0.05122847110033035,8.211316162487492e-05,0.07628915458917618,1.1417669964888868e-06
636,2,1.0068811178207397,0.9996916651725769,0.010391534306108952,0.06603895872831345,9.541695180814713e-05,0.056926291435956955,1.1342253240767603e-06
637,2,0.8531341552734375,0.8438867330551147,0.026378588750958443,0.058330386877059937,0.0001306774647673592,0.07380840182304382,1.126888345193651e-06
638,2,0.6294308304786682,0.6235583424568176,0.039794206619262695,0.011502332985401154,0.0003290761960670352,0.026226870715618134,1.1197562201927742e-06
639,2,1.2599886655807495,1.2162647247314453,0.30234965682029724,0.14001432061195374,0.00011054643982788548,0.129721000790596,1.1128291049501678e-06
640,2,1.0900092124938965,1.0857058763504028,0.01664184406399727,0.024680647999048233,8.853842155076563e-05,0.028066447004675865,1.10610715086128e-06
641,2,1.001640796661377,0.9538077116012573,0.43126145005226135,0.03198682516813278,0.00031202498939819634,0.06202756613492966,1.0995905048376642e-06
642,2,0.9899497628211975,0.935579776763916,0.4790920913219452,0.05292006582021713,9.175781451631337e-05,0.07625780254602432,1.0932793093037682e-06
643,2,1.2625986337661743,1.0072698593139648,2.501513957977295,0.043948061764240265,0.00016865655197761953,0.05953402444720268,1.0871737021938164e-06
644,2,0.6393889784812927,0.6351208090782166,0.021569084376096725,0.016963815316557884,0.00010241864220006391,0.02522057667374611,1.081273816948802e-06
645,2,0.8801911473274231,0.8587124347686768,0.15592831373214722,0.05685260891914368,0.0003208245034329593,0.060737285763025284,1.0755797825135663e-06
646,2,0.7254902124404907,0.7208825349807739,0.015086713247001171,0.03134119138121605,9.15878772502765e-05,0.030601680278778076,1.0700917233339828e-06
647,2,0.9822494983673096,0.9719213843345642,0.0438980832695961,0.048068247735500336,9.82871133601293e-05,0.0706573873758316,1.0648097593542348e-06
648,2,0.811476469039917,0.8021631836891174,0.03703366219997406,0.041847459971904755,7.66127704991959e-05,0.07031986862421036,1.0597340060141957e-06
649,2,0.9326750040054321,0.9224457740783691,0.013491406105458736,0.07662210613489151,9.871381189441308e-05,0.1009400337934494,1.054864574246908e-06
650,2,1.0160949230194092,0.800943911075592,2.091413974761963,0.05330459773540497,0.00018352879851590842,0.06681215018033981,1.0502015704761525e-06
651,2,1.0194882154464722,1.0115371942520142,0.03655692934989929,0.04098700359463692,9.703740943223238e-05,0.04488290101289749,1.0457450966141305e-06
652,2,1.13260018825531,1.1130411624908447,0.11561521142721176,0.0680350661277771,0.00029143525171093643,0.0917973518371582,1.041495250059229e-06
653,2,1.5148026943206787,1.5050486326217651,0.01041064690798521,0.08751282095909119,8.121896826196462e-05,0.08671332150697708,1.0374521236938982e-06
654,2,0.8751025795936584,0.8614194393157959,0.03809225186705589,0.10394732654094696,8.606952178524807e-05,0.09349645674228668,1.0336158058826179e-06
655,2,1.084005355834961,1.072601079940796,0.04310918599367142,0.07079014927148819,0.00033445164444856346,0.07094184309244156,1.029986380469967e-06
656,2,0.8928507566452026,0.8830269575119019,0.04727489873766899,0.04692792519927025,0.00033395059290342033,0.054864950478076935,1.0265639267787888e-06
657,2,0.8037726879119873,0.7944700717926025,0.02679230459034443,0.05857701972126961,0.00013269903138279915,0.07383706420660019,1.0233485196084629e-06
658,2,0.8014802932739258,0.7951030135154724,0.01786053366959095,0.04384268447756767,0.00010025830852100626,0.04794172942638397,1.020340229233267e-06
659,2,0.5886826515197754,0.5766235589981079,0.05753139778971672,0.05878749489784241,0.0001445020316168666,0.06727397441864014,1.0175391214008388e-06
660,2,1.4996947050094604,1.4735456705093384,0.1857113242149353,0.07513254880905151,0.00029233540408313274,0.07630769163370132,1.0149452573307433e-06
661,2,0.8612319231033325,0.8521534204483032,0.032161783427000046,0.04043152928352356,8.277710003312677e-05,0.07678152620792389,1.012558693713132e-06
662,2,0.7115797996520996,0.6873092651367188,0.194582000374794,0.04365089535713196,9.794221841730177e-05,0.05255744978785515,1.0103794827075057e-06
663,2,0.7113861441612244,0.6819990873336792,0.19979727268218994,0.08854100108146667,0.00015209568664431572,0.09954407066106796,1.0084076719415747e-06
664,2,0.9621845483779907,0.9109032154083252,0.464608371257782,0.04573262482881546,0.00013101077638566494,0.050624117255210876,1.0066433045102132e-06
665,2,0.4497469365596771,0.44029489159584045,0.0407799556851387,0.0468805655837059,0.00015479089051950723,0.0605379156768322,1.005086418974526e-06
666,2,0.9336980581283569,0.9262913465499878,0.01924041472375393,0.054864197969436646,0.00010860338807106018,0.05474702641367912,1.0037370493609979e-06
667,2,1.0293101072311401,1.018507480621338,0.0408463329076767,0.057510145008563995,0.0003526169457472861,0.07670853286981583,1.0025952251607521e-06
668,2,0.5962525606155396,0.5873311161994934,0.019242869690060616,0.07357354462146759,0.00012749772577080876,0.06631910055875778,1.0016609713289089e-06
669,2,0.5425833463668823,0.5345385670661926,0.02108141966164112,0.0594804510474205,0.00010950030264211819,0.05920717120170593,1.0009343082840372e-06
670,2,1.2456145286560059,1.2316172122955322,0.10134582966566086,0.0421522855758667,0.00010936373291769996,0.035059455782175064,1.000415251907709e-06
671,2,0.4161618947982788,0.39905983209609985,0.013189686462283134,0.15593257546424866,8.00171765149571e-05,0.15969759225845337,1.000103813544151e-06
672,2,1.0795592069625854,1.041852355003357,0.34831324219703674,0.026307299733161926,0.00014192351954989135,0.031147627159953117,1e-06
